instrument,date,nav
LP60000026,2023-01-02,66.2195
LP60000026,2023-01-03,67.1126
LP60000026,2023-01-04,68.2829
LP60000026,2023-01-05,68.3348
LP60000026,2023-01-06,67.4592
LP60000026,2023-01-09,68.9019
LP60000026,2023-01-10,68.7662
LP60000026,2023-01-11,69.4694
LP60000026,2023-01-12,69.3223
LP60000026,2023-01-13,69.8668
LP60000026,2023-01-16,70.4309
LP60000026,2023-01-17,70.5807
LP60000026,2023-01-18,71.3013
LP60000026,2023-01-19,70.1979
LP60000026,2023-01-20,69.6574
LP60000026,2023-01-23,70.1035
LP60000026,2023-01-24,70.2421
LP60000026,2023-01-25,69.5859
LP60000026,2023-01-26,70.4966
LP60000026,2023-01-27,70.4477
LP60000026,2023-01-30,69.8296
LP60000026,2023-01-31,69.5594
LP60000026,2023-02-01,70.4014
LP60000026,2023-02-02,71.265
LP60000026,2023-02-03,72.2944
LP60000026,2023-02-06,71.9918
LP60000026,2023-02-07,71.5648
LP60000026,2023-02-08,71.5358
LP60000026,2023-02-09,71.8585
LP60000026,2023-02-10,70.0754
LP60000026,2023-02-13,71.1279
LP60000026,2023-02-14,71.9408
LP60000026,2023-02-15,71.9857
LP60000026,2023-02-16,72.6779
LP60000026,2023-02-17,71.6798
LP60000026,2023-02-20,72.12
LP60000026,2023-02-21,71.7153
LP60000026,2023-02-22,71.0258
LP60000026,2023-02-23,72.0517
LP60000026,2023-02-24,71.6484
LP60000026,2023-02-27,71.7452
LP60000026,2023-02-28,71.4397
LP60000026,2023-03-01,71.5576
LP60000026,2023-03-02,70.6842
LP60000026,2023-03-03,71.9708
LP60000026,2023-03-06,71.8541
LP60000026,2023-03-07,72.2411
LP60000026,2023-03-08,71.0542
LP60000026,2023-03-09,70.9753
LP60000026,2023-03-10,70.4201
LP60000026,2023-03-13,68.9778
LP60000026,2023-03-14,69.0576
LP60000026,2023-03-15,68.3549
LP60000026,2023-03-16,68.5828
LP60000026,2023-03-17,69.4488
LP60000026,2023-03-20,69.1793
LP60000026,2023-03-21,70.2408
LP60000026,2023-03-22,70.2274
LP60000026,2023-03-23,70.6326
LP60000026,2023-03-24,70.0449
LP60000026,2023-03-27,70.8167
LP60000026,2023-03-28,70.078
LP60000026,2023-03-29,70.5892
LP60000026,2023-03-30,71.6597
LP60000026,2023-03-31,72.1266
LP60000026,2023-04-03,72.2002
LP60000026,2023-04-04,72.429
LP60000026,2023-04-05,71.7652
LP60000026,2023-04-06,71.7279
LP60000026,2023-04-07,71.7279
LP60000026,2023-04-10,71.7279
LP60000026,2023-04-11,71.9593
LP60000026,2023-04-12,72.2573
LP60000026,2023-04-13,72.7462
LP60000026,2023-04-14,73.2341
LP60000026,2023-04-17,73.2474
LP60000026,2023-04-18,73.5569
LP60000026,2023-04-19,73.0405
LP60000026,2023-04-20,72.9236
LP60000026,2023-04-21,73.2688
LP60000026,2023-04-24,74.0623
LP60000026,2023-04-25,73.4876
LP60000026,2023-04-26,72.545
LP60000026,2023-04-27,73.1708
LP60000026,2023-04-28,73.5203
LP60000026,2023-05-01,73.5203
LP60000026,2023-05-02,74.0866
LP60000026,2023-05-03,73.939
LP60000026,2023-05-04,73.0953
LP60000026,2023-05-05,73.6863
LP60000026,2023-05-08,74.6373
LP60000026,2023-05-09,74.6373
LP60000026,2023-05-10,73.9169
LP60000026,2023-05-11,74.8986
LP60000026,2023-05-12,75.1441
LP60000026,2023-05-15,75.3067
LP60000026,2023-05-16,74.9755
LP60000026,2023-05-17,74.4035
LP60000026,2023-05-18,74.4035
LP60000026,2023-05-19,75.7112
LP60000026,2023-05-22,76.1137
LP60000026,2023-05-23,76.0009
LP60000026,2023-05-24,73.9947
LP60000026,2023-05-25,74.2617
LP60000026,2023-05-26,74.8159
LP60000026,2023-05-29,74.8159
LP60000026,2023-05-30,75.7076
LP60000026,2023-05-31,75.2538
LP60000026,2023-06-01,75.3886
LP60000026,2023-06-02,76.0323
LP60000026,2023-06-05,76.106
LP60000026,2023-06-06,76.1894
LP60000026,2023-06-07,76.1204
LP60000026,2023-06-08,75.6219
LP60000026,2023-06-09,75.3513
LP60000026,2023-06-12,75.9488
LP60000026,2023-06-13,76.018
LP60000026,2023-06-14,76.6209
LP60000026,2023-06-15,75.9142
LP60000026,2023-06-16,76.6856
LP60000026,2023-06-19,75.734
LP60000026,2023-06-20,74.9338
LP60000026,2023-06-21,74.569
LP60000026,2023-06-22,73.2871
LP60000026,2023-06-23,73.2871
LP60000026,2023-06-26,73.435
LP60000026,2023-06-27,73.299
LP60000026,2023-06-28,74.0816
LP60000026,2023-06-29,74.4046
LP60000026,2023-06-30,74.8292
LP60000026,2023-07-03,74.6919
LP60000026,2023-07-04,74.6362
LP60000026,2023-07-05,74.0603
LP60000026,2023-07-06,72.8286
LP60000026,2023-07-07,71.9141
LP60000026,2023-07-10,72.1153
LP60000026,2023-07-11,72.3938
LP60000026,2023-07-12,72.9196
LP60000026,2023-07-13,74.2529
LP60000026,2023-07-14,74.6891
LP60000026,2023-07-17,74.1587
LP60000026,2023-07-18,74.4465
LP60000026,2023-07-19,74.7446
LP60000026,2023-07-20,74.0295
LP60000026,2023-07-21,73.767
LP60000026,2023-07-24,73.9471
LP60000026,2023-07-25,74.3894
LP60000026,2023-07-26,73.5984
LP60000026,2023-07-27,74.9179
LP60000026,2023-07-28,75.2272
LP60000026,2023-07-31,75.4806
LP60000026,2023-08-01,74.8736
LP60000026,2023-08-02,74.1552
LP60000026,2023-08-03,73.0795
LP60000026,2023-08-04,72.8488
LP60000026,2023-08-07,72.9218
LP60000026,2023-08-08,73.6474
LP60000026,2023-08-09,74.2155
LP60000026,2023-08-10,74.2838
LP60000026,2023-08-11,74.101
LP60000026,2023-08-14,73.6932
LP60000026,2023-08-15,73.6932
LP60000026,2023-08-16,72.9553
LP60000026,2023-08-17,71.9092
LP60000026,2023-08-18,70.3476
LP60000026,2023-08-21,70.4809
LP60000026,2023-08-22,70.9631
LP60000026,2023-08-23,71.0846
LP60000026,2023-08-24,71.6191
LP60000026,2023-08-25,71.0026
LP60000026,2023-08-28,70.9896
LP60000026,2023-08-29,71.6882
LP60000026,2023-08-30,71.5498
LP60000026,2023-08-31,71.526
LP60000026,2023-09-01,71.3713
LP60000026,2023-09-04,72.0381
LP60000026,2023-09-05,71.1412
LP60000026,2023-09-06,70.7239
LP60000026,2023-09-07,70.3389
LP60000026,2023-09-08,70.2432
LP60000026,2023-09-11,70.3918
LP60000026,2023-09-12,70.0329
LP60000026,2023-09-13,69.1595
LP60000026,2023-09-14,69.7471
LP60000026,2023-09-15,71.0651
LP60000026,2023-09-18,69.5362
LP60000026,2023-09-19,69.375
LP60000026,2023-09-20,69.7175
LP60000026,2023-09-21,69.089
LP60000026,2023-09-22,69.159
LP60000026,2023-09-25,68.514
LP60000026,2023-09-26,68.2094
LP60000026,2023-09-27,68.4009
LP60000026,2023-09-28,68.1438
LP60000026,2023-09-29,69.5254
LP60000026,2023-10-02,68.2645
LP60000026,2023-10-03,67.7691
LP60000026,2023-10-04,67.8599
LP60000026,2023-10-05,68.1015
LP60000026,2023-10-06,68.4825
LP60000026,2023-10-09,68.1216
LP60000026,2023-10-10,68.973
LP60000026,2023-10-11,69.1985
LP60000026,2023-10-12,70.0667
LP60000026,2023-10-13,69.037
LP60000026,2023-10-16,68.7676
LP60000026,2023-10-17,68.4294
LP60000026,2023-10-18,67.5711
LP60000026,2023-10-19,67.7954
LP60000026,2023-10-20,66.8035
LP60000026,2023-10-23,65.7758
LP60000026,2023-10-24,66.6201
LP60000026,2023-10-25,66.5575
LP60000026,2023-10-26,66.0159
LP60000026,2023-10-27,66.064
LP60000026,2023-10-30,66.2709
LP60000026,2023-10-31,66.6846
LP60000026,2023-11-01,66.6846
LP60000026,2023-11-02,68.3214
LP60000026,2023-11-03,68.1779
LP60000026,2023-11-06,68.3631
LP60000026,2023-11-07,68.2787
LP60000026,2023-11-08,68.7168
LP60000026,2023-11-09,70.4567
LP60000026,2023-11-10,69.8362
LP60000026,2023-11-13,70.2774
LP60000026,2023-11-14,70.7322
LP60000026,2023-11-15,72.1816
LP60000026,2023-11-16,71.571
LP60000026,2023-11-17,72.346
LP60000026,2023-11-20,72.3658
LP60000026,2023-11-21,72.7764
LP60000026,2023-11-22,73.0777
LP60000026,2023-11-23,73.3586
LP60000026,2023-11-24,73.5679
LP60000026,2023-11-27,73.7939
LP60000026,2023-11-28,72.669
LP60000026,2023-11-29,73.2177
LP60000026,2023-11-30,73.1871
LP60000026,2023-12-01,73.4774
LP60000026,2023-12-04,73.7205
LP60000026,2023-12-05,73.753
LP60000026,2023-12-06,74.4426
LP60000026,2023-12-07,74.5611
LP60000026,2023-12-08,74.9059
LP60000026,2023-12-11,75.7234
LP60000026,2023-12-12,75.8094
LP60000026,2023-12-13,76.2465
LP60000026,2023-12-14,77.0809
LP60000026,2023-12-15,76.8821
LP60000026,2023-12-18,76.6444
LP60000026,2023-12-19,76.9725
LP60000026,2023-12-20,76.9451
LP60000026,2023-12-21,76.7129
LP60000026,2023-12-22,76.6609
LP60000026,2023-12-25,76.6609
LP60000026,2023-12-26,76.6609
LP60000026,2023-12-27,77.1687
LP60000026,2023-12-28,77.0712
LP60000026,2023-12-29,77.2297
LP60000026,2024-01-01,77.2297
LP60000026,2024-01-02,76.4443
LP60000026,2024-01-03,75.3546
LP60000026,2024-01-04,75.0117
LP60000026,2024-01-05,74.4927
LP60000026,2024-01-08,75.132
LP60000026,2024-01-09,75.3269
LP60000026,2024-01-10,75.562
LP60000026,2024-01-11,76.1756
LP60000026,2024-01-12,75.9891
LP60000026,2024-01-15,75.919
LP60000026,2024-01-16,75.5097
LP60000026,2024-01-17,74.7711
LP60000026,2024-01-18,75.3037
LP60000026,2024-01-19,75.6497
LP60000026,2024-01-22,76.0486
LP60000026,2024-01-23,76.0363
LP60000026,2024-01-24,77.3917
LP60000026,2024-01-25,77.4971
LP60000026,2024-01-26,78.9655
LP60000026,2024-01-29,79.0802
LP60000026,2024-01-30,79.4691
LP60000026,2024-01-31,79.3831
LP60000026,2024-02-01,79.7565
LP60000026,2024-02-02,80.3367
LP60000026,2024-02-05,80.0885
LP60000026,2024-02-06,80.1008
LP60000026,2024-02-07,80.4448
LP60000026,2024-02-08,81.8361
LP60000026,2024-02-09,82.3205
LP60000026,2024-02-12,82.4547
LP60000026,2024-02-13,81.6647
LP60000026,2024-02-14,81.88
LP60000026,2024-02-15,82.9302
LP60000026,2024-02-16,83.3851
LP60000026,2024-02-19,83.1366
LP60000026,2024-02-20,82.885
LP60000026,2024-02-21,82.2619
LP60000026,2024-02-22,83.1259
LP60000026,2024-02-23,83.5948
LP60000026,2024-02-26,83.3483
LP60000026,2024-02-27,83.2421
LP60000026,2024-02-28,82.8152
LP60000026,2024-02-29,82.6543
LP60000026,2024-03-01,83.0422
LP60000026,2024-03-04,83.4972
LP60000026,2024-03-05,83.261
LP60000026,2024-03-06,83.0238
LP60000026,2024-03-07,83.9395
LP60000026,2024-03-08,84.8242
LP60000026,2024-03-11,84.0407
LP60000026,2024-03-12,84.1308
LP60000026,2024-03-13,85.0054
LP60000026,2024-03-14,85.0473
LP60000026,2024-03-15,84.8586
LP60000026,2024-03-18,84.1754
LP60000026,2024-03-19,83.9636
LP60000026,2024-03-20,84.4467
LP60000026,2024-03-21,84.6627
LP60000026,2024-03-22,85.0869
LP60000026,2024-03-25,84.9108
LP60000026,2024-03-26,85.674
LP60000026,2024-03-27,85.7823
LP60000026,2024-03-28,85.6803
LP60000026,2024-03-29,85.6803
LP60000026,2024-04-01,85.6803
LP60000026,2024-04-02,85.235
LP60000026,2024-04-03,84.3721
LP60000026,2024-04-04,84.5177
LP60000026,2024-04-05,83.6794
LP60000026,2024-04-08,84.1166
LP60000026,2024-04-09,83.842
LP60000026,2024-04-10,83.6951
LP60000026,2024-04-11,83.0867
LP60000026,2024-04-12,83.9528
LP60000026,2024-04-15,83.8856
LP60000026,2024-04-16,82.3947
LP60000026,2024-04-17,82.7934
LP60000026,2024-04-18,82.644
LP60000026,2024-04-19,82.0227
LP60000026,2024-04-22,81.8905
LP60000026,2024-04-23,83.0202
LP60000026,2024-04-24,83.2168
LP60000026,2024-04-25,81.465
LP60000026,2024-04-26,82.0079
LP60000026,2024-04-29,82.493
LP60000026,2024-04-30,82.2953
LP60000026,2024-05-01,82.2953
LP60000026,2024-05-02,81.559
LP60000026,2024-05-03,82.0013
LP60000026,2024-05-06,82.6886
LP60000026,2024-05-07,83.6037
LP60000026,2024-05-08,84.4195
LP60000026,2024-05-09,84.4195
LP60000026,2024-05-10,84.9809
LP60000026,2024-05-13,84.8258
LP60000026,2024-05-14,84.7204
LP60000026,2024-05-15,84.9611
LP60000026,2024-05-16,85.6759
LP60000026,2024-05-17,84.8623
LP60000026,2024-05-20,84.8623
LP60000026,2024-05-21,85.1144
LP60000026,2024-05-22,84.9581
LP60000026,2024-05-23,85.5505
LP60000026,2024-05-24,85.0282
LP60000026,2024-05-27,85.3059
LP60000026,2024-05-28,85.4834
LP60000026,2024-05-29,84.1799
LP60000026,2024-05-30,83.9614
LP60000026,2024-05-31,83.9585
LP60000026,2024-06-03,84.034
LP60000026,2024-06-04,83.939
LP60000026,2024-06-05,84.9209
LP60000026,2024-06-06,86.8424
LP60000026,2024-06-07,86.3179
LP60000026,2024-06-10,85.9044
LP60000026,2024-06-11,86.021
LP60000026,2024-06-12,85.9509
LP60000026,2024-06-13,86.2974
LP60000026,2024-06-14,84.8889
LP60000026,2024-06-17,84.6484
LP60000026,2024-06-18,85.2998
LP60000026,2024-06-19,85.2106
LP60000026,2024-06-20,85.784
LP60000026,2024-06-21,85.5069
LP60000026,2024-06-24,85.7611
LP60000026,2024-06-25,85.6194
LP60000026,2024-06-26,86.0512
LP60000026,2024-06-27,85.6171
LP60000026,2024-06-28,85.3706
LP60000026,2024-07-01,84.676
LP60000026,2024-07-02,83.9999
LP60000026,2024-07-03,85.4116
LP60000026,2024-07-04,85.4432
LP60000026,2024-07-05,85.6093
LP60000026,2024-07-08,85.1546
LP60000026,2024-07-09,84.852
LP60000026,2024-07-10,84.5695
LP60000026,2024-07-11,85.2336
LP60000026,2024-07-12,85.548
LP60000026,2024-07-15,86.0551
LP60000026,2024-07-16,84.8017
LP60000026,2024-07-17,83.6274
LP60000026,2024-07-18,83.2636
LP60000026,2024-07-19,82.0801
LP60000026,2024-07-22,83.0048
LP60000026,2024-07-23,83.3172
LP60000026,2024-07-24,82.171
LP60000026,2024-07-25,80.3998
LP60000026,2024-07-26,81.3509
LP60000026,2024-07-29,81.721
LP60000026,2024-07-30,81.8303
LP60000026,2024-07-31,82.8371
LP60000026,2024-08-01,82.7673
LP60000026,2024-08-02,79.6828
LP60000026,2024-08-05,76.729
LP60000026,2024-08-06,77.7862
LP60000026,2024-08-07,79.1787
LP60000026,2024-08-08,78.2175
LP60000026,2024-08-09,79.6647
LP60000026,2024-08-12,79.8811
LP60000026,2024-08-13,79.5884
LP60000026,2024-08-14,80.609
LP60000026,2024-08-15,80.609
LP60000026,2024-08-16,82.2624
LP60000026,2024-08-19,82.3934
LP60000026,2024-08-20,83.071
LP60000026,2024-08-21,82.8908
LP60000026,2024-08-22,83.4237
LP60000026,2024-08-23,83.3711
LP60000026,2024-08-26,83.2343
LP60000026,2024-08-27,82.8254
LP60000026,2024-08-28,83.8204
LP60000026,2024-08-29,84.2972
LP60000026,2024-08-30,84.6385
LP60000026,2024-09-02,83.7024
LP60000026,2024-09-03,84.2115
LP60000026,2024-09-04,82.118
LP60000026,2024-09-05,81.5106
LP60000026,2024-09-06,81.0741
LP60000026,2024-09-09,81.2228
LP60000026,2024-09-10,81.2257
LP60000026,2024-09-11,81.7057
LP60000026,2024-09-12,82.438
LP60000026,2024-09-13,82.7024
LP60000026,2024-09-16,82.9425
LP60000026,2024-09-17,83.0084
LP60000026,2024-09-18,82.0442
LP60000026,2024-09-19,83.6769
LP60000026,2024-09-20,83.0456
LP60000026,2024-09-23,82.3695
LP60000026,2024-09-24,83.0584
LP60000026,2024-09-25,83.1211
LP60000026,2024-09-26,84.6239
LP60000026,2024-09-27,84.6948
LP60000026,2024-09-30,84.4404
LP60000026,2024-10-01,84.5195
LP60000026,2024-10-02,83.559
LP60000026,2024-10-03,83.0318
LP60000026,2024-10-04,82.3552
LP60000026,2024-10-07,82.4057
LP60000026,2024-10-08,82.3114
LP60000026,2024-10-09,82.8071
LP60000026,2024-10-10,82.6743
LP60000026,2024-10-11,82.7153
LP60000026,2024-10-14,82.92
LP60000026,2024-10-15,83.829
LP60000026,2024-10-16,81.811
LP60000026,2024-10-17,82.372
LP60000026,2024-10-18,82.7396
LP60000026,2024-10-21,82.4041
LP60000026,2024-10-22,81.7205
LP60000026,2024-10-23,81.6196
LP60000026,2024-10-24,82.1324
LP60000026,2024-10-25,81.6805
LP60000026,2024-10-28,81.9929
LP60000026,2024-10-29,82.1663
LP60000026,2024-10-30,80.5563
LP60000026,2024-10-31,79.7832
LP60000026,2024-11-01,79.7832
LP60000026,2024-11-04,80.0485
LP60000026,2024-11-05,79.6276
LP60000026,2024-11-06,81.2091
LP60000026,2024-11-07,80.4892
LP60000026,2024-11-08,80.3134
LP60000026,2024-11-11,81.1958
LP60000026,2024-11-12,80.1982
LP60000026,2024-11-13,78.6101
LP60000026,2024-11-14,79.5146
LP60000026,2024-11-15,78.8758
LP60000026,2024-11-18,78.0166
LP60000026,2024-11-19,77.6504
LP60000026,2024-11-20,78.4254
LP60000026,2024-11-21,77.9575
LP60000026,2024-11-22,79.211
LP60000026,2024-11-25,80.0091
LP60000026,2024-11-26,79.9589
LP60000026,2024-11-27,79.6427
LP60000026,2024-11-28,79.9236
LP60000026,2024-11-29,80.0147
LP60000026,2024-12-02,81.0726
LP60000026,2024-12-03,81.6879
LP60000026,2024-12-04,82.1526
LP60000026,2024-12-05,82.4828
LP60000026,2024-12-06,82.7475
LP60000026,2024-12-09,83.0717
LP60000026,2024-12-10,83.2523
LP60000026,2024-12-11,82.882
LP60000026,2024-12-12,83.2916
LP60000026,2024-12-13,83.1562
LP60000026,2024-12-16,82.4348
LP60000026,2024-12-17,82.7744
LP60000026,2024-12-18,82.8183
LP60000026,2024-12-19,81.2638
LP60000026,2024-12-20,79.5037
LP60000026,2024-12-23,80.1721
LP60000026,2024-12-24,80.1721
LP60000026,2024-12-25,80.1721
LP60000026,2024-12-26,80.1721
LP60000026,2024-12-27,80.6547
LP60000026,2024-12-30,80.3779
LP60000026,2024-12-31,80.2254
LP60000026,2025-01-01,80.2254
LP60000026,2025-01-02,80.3076
LP60000026,2025-01-03,80.3933
LP60000026,2025-01-06,81.2971
LP60000026,2025-01-07,81.9098
LP60000026,2025-01-08,81.9073
LP60000026,2025-01-09,82.1453
LP60000026,2025-01-10,82.3655
LP60000026,2025-01-13,80.4549
LP60000026,2025-01-14,81.0187
LP60000026,2025-01-15,80.9701
LP60000026,2025-01-16,82.4811
LP60000026,2025-01-17,83.0667
LP60000026,2025-01-20,82.9397
LP60000026,2025-01-21,83.3875
LP60000026,2025-01-22,84.8104
LP60000026,2025-01-23,84.6906
LP60000026,2025-01-24,85.5623
LP60000026,2025-01-27,83.5858
LP60000026,2025-01-28,84.6243
LP60000026,2025-01-29,84.6772
LP60000026,2025-01-30,85.1532
LP60000026,2025-01-31,85.6212
LP60000026,2025-02-03,84.041
LP60000026,2025-02-04,84.7821
LP60000026,2025-02-05,84.8201
LP60000026,2025-02-06,84.9394
LP60000026,2025-02-07,85.0286
LP60000026,2025-02-10,84.7391
LP60000026,2025-02-11,84.9848
LP60000026,2025-02-12,85.4197
LP60000026,2025-02-13,86.5382
LP60000026,2025-02-14,87.026
LP60000026,2025-02-17,86.7059
LP60000026,2025-02-18,86.6255
LP60000026,2025-02-19,86.187
LP60000026,2025-02-20,85.7971
LP60000026,2025-02-21,85.8945
LP60000026,2025-02-24,85.4982
LP60000026,2025-02-25,84.8458
LP60000026,2025-02-26,84.9835
LP60000026,2025-02-27,84.6603
LP60000026,2025-02-28,84.2474
LP60000026,2025-03-03,85.0479
LP60000026,2025-03-04,84.1224
LP60000026,2025-03-05,84.2281
LP60000026,2025-03-06,82.4888
LP60000026,2025-03-07,81.994
LP60000026,2025-03-10,81.18
LP60000026,2025-03-11,80.2728
LP60000026,2025-03-12,80.4358
LP60000026,2025-03-13,79.9479
LP60000026,2025-03-14,80.2399
LP60000026,2025-03-17,80.8089
LP60000026,2025-03-18,81.5299
LP60000026,2025-03-19,81.093
LP60000026,2025-03-20,81.389
LP60000026,2025-03-21,80.6357
LP60000026,2025-03-24,80.6567
LP60000026,2025-03-25,81.5198
LP60000026,2025-03-26,80.4101
LP60000026,2025-03-27,79.3
LP60000026,2025-03-28,79.3691
LP60000026,2025-03-31,77.7664
LP60000026,2025-04-01,78.488
LP60000026,2025-04-02,78.2216
LP60000026,2025-04-03,76.9164
LP60000026,2025-04-04,73.9732
LP60000026,2025-04-07,70.1014
LP60000026,2025-04-08,71.5113
LP60000026,2025-04-09,70.4673
LP60000026,2025-04-10,74.2575
LP60000026,2025-04-11,73.0253
LP60000026,2025-04-14,74.6838
LP60000026,2025-04-15,75.2849
LP60000026,2025-04-16,74.7705
LP60000026,2025-04-17,74.6758
LP60000026,2025-04-18,74.6758
LP60000026,2025-04-21,74.6758
LP60000026,2025-04-22,74.1707
LP60000026,2025-04-23,76.7608
LP60000026,2025-04-24,76.6366
LP60000026,2025-04-25,76.9234
LP60000026,2025-04-28,76.9386
LP60000026,2025-04-29,76.5614
LP60000026,2025-04-30,77.6328
LP60000026,2025-05-01,77.6328
LP60000026,2025-05-02,78.7279
LP60000026,2025-05-05,79.4056
LP60000026,2025-05-06,79.0982
LP60000026,2025-05-07,79.3495
LP60000026,2025-05-08,80.2646
LP60000026,2025-05-09,80.2646
LP60000026,2025-05-12,81.3088
LP60000026,2025-05-13,81.4217
LP60000026,2025-05-14,81.5255
LP60000026,2025-05-15,81.3808
LP60000026,2025-05-16,82.1645
LP60000026,2025-05-19,81.2453
LP60000026,2025-05-20,82.1174
LP60000026,2025-05-21,81.4637
LP60000026,2025-05-22,80.8651
LP60000026,2025-05-23,81.2321
LP60000026,2025-05-26,81.457
LP60000026,2025-05-27,82.0272
LP60000026,2025-05-28,81.6719
LP60000026,2025-05-29,81.6719
LP60000026,2025-05-30,81.8317
LP60000026,2025-06-02,80.7556
LP60000026,2025-06-03,81.0324
LP60000026,2025-06-04,81.9144
LP60000026,2025-06-05,82.3496
LP60000026,2025-06-06,81.9817
LP60000026,2025-06-09,81.9817
LP60000026,2025-06-10,82.3815
LP60000026,2025-06-11,82.5235
LP60000026,2025-06-12,81.6674
LP60000026,2025-06-13,81.0472
LP60000026,2025-06-16,81.1254
LP60000026,2025-06-17,80.2932
LP60000026,2025-06-18,79.7628
LP60000026,2025-06-19,79.4422
LP60000026,2025-06-20,79.3474
LP60000026,2025-06-23,79.3474
LP60000026,2025-06-24,79.8743
LP60000026,2025-06-25,79.6541
LP60000026,2025-06-26,79.3253
LP60000026,2025-06-27,79.776
LP60000026,2025-06-30,80.0699
LP60000026,2025-07-01,78.9566
LP60000026,2025-07-02,78.7975
LP60000026,2025-07-03,78.9868
LP60000026,2025-07-04,78.8213
LP60000026,2025-07-07,79.3261
LP60000026,2025-07-08,78.9509
LP60000026,2025-07-09,79.9717
LP60000026,2025-07-10,80.4026
LP60000026,2025-07-11,79.6351
LP60000026,2025-07-14,78.8822
LP60000026,2025-07-15,79.5611
LP60000026,2025-07-16,78.8713
LP60000026,2025-07-17,79.039
LP60000026,2025-07-18,79.5295
LP60000026,2025-07-21,79.1131
LP60000026,2025-07-22,78.4771
LP60000026,2025-07-23,79.101
LP60000026,2025-07-24,79.2531
LP60000026,2025-07-25,78.7673
LP60000026,2025-07-28,79.3564
LP60000026,2025-07-29,79.2455
LP60000026,2025-07-30,77.2987
LP60000026,2025-07-31,77.0651
LP60000026,2025-08-01,75.0568
LP60000026,2025-08-04,74.8307
LP60000026,2025-08-05,75.2402
LP60000026,2025-08-06,74.9167
LP60000026,2025-08-07,76.1633
LP60000026,2025-08-08,75.9675
LP60000026,2025-08-11,75.7004
LP60000026,2025-08-12,75.0067
LP60000026,2025-08-13,74.9922
LP60000026,2025-08-14,74.9243
LP60000026,2025-08-15,74.9243
LP60000026,2025-08-18,74.9926
LP60000026,2025-08-19,75.5971
LP60000026,2025-08-20,76.2249
LP60000026,2025-08-21,75.7795
LP60000026,2025-08-22,76.0412
LP60000026,2025-08-25,76.1372
LP60000026,2025-08-26,75.4622
LP60000026,2025-08-27,75.27
LP60000026,2025-08-28,75.2331
LP60000026,2025-08-29,74.8962
LP60000026,2025-09-01,74.5925
LP60000026,2025-09-02,73.8792
LP60000026,2025-09-03,73.6733
LP60000026,2025-09-04,74.3056
LP60000026,2025-09-05,74.3873
LP60000026,2025-09-08,74.4368
LP60000026,2025-09-09,74.9131
LP60000026,2025-09-10,74.8679
LP60000026,2025-09-11,74.1662
LP60000026,2025-09-12,74.4144
LP60000026,2025-09-15,74.6544
LP60000026,2025-09-16,74.1006
LP60000026,2025-09-17,73.3932
LP60000026,2025-09-18,74.2867
LP60000026,2025-09-19,74.101
LP60000026,2025-09-22,73.7287
LP60000026,2025-09-23,73.8446
LP60000026,2025-09-24,73.3318
LP60000026,2025-09-25,72.9445
LP60000026,2025-09-26,72.7253
LP60000026,2025-09-29,73.3587
LP60000026,2025-09-30,73.3197
LP60000026,2025-10-01,73.9653
LP60000026,2025-10-02,75.0313
LP60000026,2025-10-03,75.043
LP60000026,2025-10-06,75.352
LP60000026,2025-10-07,75.6303
LP60000026,2025-10-08,75.7478
LP60000026,2025-10-09,75.6389
LP60000026,2025-10-10,75.5277
LP60000026,2025-10-13,74.6964
LP60000026,2025-10-14,74.0514
LP60000026,2025-10-15,74.6517
LP60000026,2025-10-16,74.9453
LP60000026,2025-10-17,74.0023
LP60000026,2025-10-20,74.7976
LP60000026,2025-10-21,75.5971
LP60000026,2025-10-22,75.811
LP60000026,2025-10-23,75.9501
LP60000026,2025-10-24,76.3062
LP60000026,2025-10-27,76.6354
LP60000026,2025-10-28,76.3205
LP60000026,2025-10-29,76.136
LP60000026,2025-10-30,74.995
LP60000026,2025-10-31,75.1583
LP60000026,2025-11-03,75.2092
LP60000026,2025-11-04,74.0229
LP60000026,2025-11-05,74.4125
LP60000026,2025-11-06,74.3392
LP60000026,2025-11-07,72.9112
LP60000026,2025-11-10,73.7621
LP60000026,2025-11-11,73.7338
LP60000026,2025-11-12,74.0982
LP60000026,2025-11-13,74.1423
LP60000026,2025-11-14,72.3234
LP60000026,2025-11-17,72.4167
LP60000026,2025-11-18,71.3532
LP60000026,2025-11-19,71.1841
LP60000026,2025-11-20,71.383
LP60000026,2025-11-21,71.2513
LP60000026,2025-11-24,71.584
LP60000026,2025-11-25,71.3853
LP60000026,2025-11-26,72.2187
LP60000026,2025-11-27,72.6848
LP60000026,2025-11-28,72.8305
LP60000026,2025-12-01,72.6567
LP60000026,2025-12-02,72.7719
LP60000026,2025-12-03,72.2888
LP60000026,2025-12-04,72.7964
LP60000026,2025-12-05,72.9731
LP60000026,2025-12-08,72.6374
LP60000026,2025-12-09,72.3404
LP60000026,2025-12-10,72.0673
LP60000026,2025-12-11,72.0338
LP60000026,2025-12-12,72.5638
LP60000026,2025-12-15,72.7016
LP60000026,2025-12-16,72.6476
LP60000026,2025-12-17,72.4293
LP60000026,2025-12-18,72.4905
LP60000026,2025-12-19,72.9013
LP60000026,2025-12-22,73.0115
LP60000026,2025-12-23,73.1779
LP60000026,2025-12-24,73.1779
LP60000026,2025-12-25,73.1779
LP60000026,2025-12-26,73.1779
LP60000026,2025-12-29,73.2515
LP60000026,2025-12-30,73.4734
LP60000026,2025-12-31,73.4425
LP60000026,2026-01-01,73.4425
LP60000026,2026-01-02,73.6731
LP60000026,2026-01-05,73.7145
LP60000026,2026-01-06,74.3066
LP60000026,2026-01-07,74.8942
LP60000026,2026-01-08,73.9744
LP60000026,2026-01-09,74.6412
LP60000026,2026-01-12,74.8724
LP60000026,2026-01-13,74.8748
LP60000026,2026-01-14,74.5463
LP60000026,2026-01-15,75.0124
LP60000026,2026-01-16,74.9578
LP60000026,2026-01-19,73.8886
LP60000026,2026-01-20,73.156
LP60000026,2026-01-21,73.2736
LP60000026,2026-01-22,74.4358
LP60000026,2026-01-23,74.0532
LP60000026,2026-01-26,73.853
LP60000026,2026-01-27,74.103
LP60000026,2026-01-28,73.8233
LP60000026,2026-01-29,73.324
LP60000026,2026-01-30,73.2629
LP60000026,2026-02-02,73.3299
LP60000026,2026-02-03,73.2175
LP60000026,2026-02-04,73.2286
LP60000026,2026-02-05,73.3846
LP60000026,2026-02-06,73.1435
LP60000026,2026-02-09,73.2475
LP60000026,2026-02-10,73.6945
LP60000026,2026-02-11,73.3374
LP60000026,2026-02-12,73.0125
LP60000026,2026-02-13,72.6778
LP60000026,2026-02-16,73.0804
LP60000026,2026-02-17,72.6995
LP60000026,2026-02-18,73.1882
LP60000026,2026-02-19,73.3629
LP60000026,2026-02-20,73.9202
LP60000026,2026-02-23,73.9704
LP60000026,2026-02-24,74.123
LP60000026,2026-02-25,74.3212
LP60000026,2026-02-26,74.7006
LP60000026,2026-02-27,75.0021
LP60000026,2026-03-02,74.5851
LP60000026,2026-03-03,72.5694
LP60000026,2026-03-04,73.0498
LP60000026,2026-03-05,73.1801
LP60000026,2026-03-06,71.5401
LP60000026,2026-03-09,70.7446
LP60000026,2026-03-10,72.2418
LP60000026,2026-03-11,71.6304
LP60000026,2026-03-12,71.7434
LP60000026,2026-03-13,71.8233
LP60000026,2026-03-16,71.4299
LP60000026,2026-03-17,71.4838
LP60000026,2026-03-18,72.1637
LP60000026,2026-03-19,70.3532
LP60000026,2026-03-20,70.0342
LP60000026,2026-03-23,68.9827
LP60000026,2026-03-24,69.3264
LP60000026,2026-03-25,70.3344
LP60000026,2026-03-26,68.9602
LP60000026,2026-03-27,68.2781
LP60000026,2026-03-30,68.2465
LP60000026,2026-03-31,69.2629
LP60000026,2026-04-01,70.3007
LP60000026,2026-04-02,69.7856
LP60000026,2026-04-03,69.7856
LP60000026,2026-04-06,69.7856
LP60000026,2026-04-07,70.7776
LP60000026,2026-04-08,72.6402
LP60000026,2026-04-09,72.1166
LP60000026,2026-04-10,73.0424
LP60000026,2026-04-13,72.2679
LP60000026,2026-04-14,73.4991
LP60000026,2026-04-15,73.8298
LP60000026,2026-04-16,74.1943
LP60000026,2026-04-17,74.8947
LP60000026,2026-04-20,74.9507
LP60000026,2026-04-21,75.4005
LP60000026,2026-04-22,74.8878
LP60000026,2026-04-23,74.672
LP60000026,2026-04-24,74.4229
LP60000026,2026-04-27,74.6939
LP60000026,2026-04-28,73.9281
LP60000026,2026-04-29,72.9665
LP60000026,2026-04-30,72.8272
LP60000026,2026-05-01,72.8272
LP60000026,2026-05-04,73.091
LP60000026,2026-05-05,73.1929
LP60000026,2026-05-06,74.833
LP60000026,2026-05-07,74.4218
LP60000026,2026-05-08,73.5651
LP60000026,2026-05-11,73.1834
LP60000026,2026-05-12,72.8323
LP60000026,2026-05-13,72.6866
LP60000026,2026-05-14,72.6866
LP60000026,2026-05-15,72.9529
LP60000026,2026-05-18,72.9737
LP60000026,2026-05-19,74.403
LP60000026,2026-05-20,74.0145
LP60000026,2026-05-21,74.5742
LP60000026,2026-05-22,75.3535
LP60000026,2026-05-25,75.3535
LP60000026,2026-05-26,75.839
LP60000026,2026-05-27,75.8633
LP60000026,2026-05-28,74.8147
LP60000026,2026-05-29,75.4722
LP60000026,2026-06-01,74.9158
LP60000026,2026-06-02,75.4272
LP60000026,2026-06-03,74.6146
LP60000026,2026-06-04,74.462
LP60000026,2026-06-05,75.5115
LP60000026,2026-06-08,74.9434
LP60000026,2026-06-09,75.6265
LP60000026,2026-06-10,74.7988
LP60000026,2026-06-11,75.3988
LP60000026,2026-06-12,75.9855
LP60000026,2026-06-15,76.7632
LP60000026,2026-06-16,76.7004
LP60000026,2026-06-17,76.7232
LP60000026,2026-06-18,76.5811
LP60000026,2026-06-19,76.5186
LP60000026,2026-06-22,76.5341
LP60000026,2026-06-23,76.5341
LP60000026,2026-06-24,75.7867
LP60000026,2026-06-25,76.5004
LP60000026,2026-06-26,75.4259
LP60000026,2026-06-29,76.1549
LP60000026,2026-06-30,76.9944
LP60000026,2026-07-01,76.8731
LP60000026,2026-07-02,77.4484
LP60000026,2026-07-03,78.165
LP60000026,2026-07-06,78.6534
LP60000026,2026-07-07,78.4439
LP60000026,2026-07-08,76.9068
LP60000026,2026-07-09,76.8462
LP60000026,2026-07-10,77.5498
LP60000026,2026-07-13,77.4509
LP60000026,2026-07-14,77.1385
LP60000026,2026-07-15,77.8245
LP60000026,2026-07-16,77.9651
LP60000026,2026-07-17,78.025
LP60000026,2026-07-20,77.9037
LP60000026,2026-07-21,77.5277
LP60000026,2026-07-22,77.9137
LP60000026,2026-07-23,77.5868
LP60000026,2026-07-24,77.6982
LP60000026,2026-07-27,78.8754
LP60000026,2026-07-28,78.1574
LP60000026,2026-07-29,78.6091
LP60000026,2026-07-30,79.1279
LP60000026,2026-07-31,79.1078
LP60000026,2026-08-03,78.6514
LP60000026,2026-08-04,78.9148
LP60000026,2026-08-05,79.2301
LP60000026,2026-08-06,79.9529
LP60000026,2026-08-07,80.4246
LP60000026,2026-08-10,80.2309
LP60000026,2026-08-11,80.1356
LP60000026,2026-08-12,80.1875
LP60000026,2026-08-13,80.2352
LP60000026,2026-08-14,80.6014
LP60000026,2026-08-17,80.5672
LP60000026,2026-08-18,79.9145
LP60000026,2026-08-19,79.526
LP60000026,2026-08-20,79.3661
LP60000026,2026-08-21,79.7651
LP60000026,2026-08-24,80.427
LP60000026,2026-08-25,80.9467
LP60000026,2026-08-26,80.9095
LP60000026,2026-08-27,80.8083
LP60000026,2026-08-28,81.0644
LP60000026,2026-08-31,80.84
LP60000026,2026-09-01,79.774
LP60000026,2026-09-02,79.2236
LP60000026,2026-09-03,79.5566
LP60000026,2026-09-04,79.826
LP60000026,2026-09-07,79.4642
LP60000026,2026-09-08,79.3049
LP60000026,2026-09-09,77.8951
LP60000026,2026-09-10,77.831
LP60000026,2026-09-11,77.6221
LP60000026,2026-09-14,77.576
LP60000026,2026-09-15,77.0154
LP60000026,2026-09-16,77.1732
LP60000026,2026-09-17,77.5672
LP60000026,2026-09-18,77.4728
LP60000026,2026-09-21,78.1501
LP60000026,2026-09-22,78.5578
LP60000026,2026-09-23,77.6892
LP60000026,2026-09-24,77.2954
LP60000026,2026-09-25,77.1261
LP60000026,2026-09-28,77.3232
LP60000026,2026-09-29,77.976
LP60000400,2023-01-02,76.3022
LP60000400,2023-01-03,77.3419
LP60000400,2023-01-04,78.7187
LP60000400,2023-01-05,78.4174
LP60000400,2023-01-06,79.3472
LP60000400,2023-01-09,80.2444
LP60000400,2023-01-10,79.7774
LP60000400,2023-01-11,80.0778
LP60000400,2023-01-12,80.5864
LP60000400,2023-01-13,81.1205
LP60000400,2023-01-16,81.4838
LP60000400,2023-01-17,81.9291
LP60000400,2023-01-18,82.2964
LP60000400,2023-01-19,80.7556
LP60000400,2023-01-20,81.1562
LP60000400,2023-01-23,81.7089
LP60000400,2023-01-24,81.635
LP60000400,2023-01-25,81.5477
LP60000400,2023-01-26,82.1965
LP60000400,2023-01-27,82.4708
LP60000400,2023-01-30,82.2583
LP60000400,2023-01-31,81.9838
LP60000400,2023-02-01,82.0787
LP60000400,2023-02-02,83.369
LP60000400,2023-02-03,83.9423
LP60000400,2023-02-06,83.1639
LP60000400,2023-02-07,83.1674
LP60000400,2023-02-08,83.0446
LP60000400,2023-02-09,83.7505
LP60000400,2023-02-10,82.9676
LP60000400,2023-02-13,83.7943
LP60000400,2023-02-14,83.796
LP60000400,2023-02-15,84.321
LP60000400,2023-02-16,84.4714
LP60000400,2023-02-17,84.3836
LP60000400,2023-02-20,84.4879
LP60000400,2023-02-21,84.3475
LP60000400,2023-02-22,83.9505
LP60000400,2023-02-23,83.9295
LP60000400,2023-02-24,82.9027
LP60000400,2023-02-27,83.8356
LP60000400,2023-02-28,83.5842
LP60000400,2023-03-01,83.0361
LP60000400,2023-03-02,83.6624
LP60000400,2023-03-03,84.5145
LP60000400,2023-03-06,84.5311
LP60000400,2023-03-07,84.0415
LP60000400,2023-03-08,83.7669
LP60000400,2023-03-09,83.5914
LP60000400,2023-03-10,82.3105
LP60000400,2023-03-13,80.0318
LP60000400,2023-03-14,81.4322
LP60000400,2023-03-15,79.141
LP60000400,2023-03-16,80.4773
LP60000400,2023-03-17,79.5736
LP60000400,2023-03-20,80.3121
LP60000400,2023-03-21,81.4317
LP60000400,2023-03-22,81.6849
LP60000400,2023-03-23,81.5
LP60000400,2023-03-24,80.2673
LP60000400,2023-03-27,81.1739
LP60000400,2023-03-28,80.9554
LP60000400,2023-03-29,82.1408
LP60000400,2023-03-30,82.9995
LP60000400,2023-03-31,83.5774
LP60000400,2023-04-03,83.3834
LP60000400,2023-04-04,83.282
LP60000400,2023-04-05,82.8514
LP60000400,2023-04-06,82.9703
LP60000400,2023-04-07,82.9703
LP60000400,2023-04-10,82.9703
LP60000400,2023-04-11,83.5863
LP60000400,2023-04-12,83.8924
LP60000400,2023-04-13,84.5827
LP60000400,2023-04-14,85.1403
LP60000400,2023-04-17,85.1408
LP60000400,2023-04-18,85.3633
LP60000400,2023-04-19,85.1629
LP60000400,2023-04-20,85.2001
LP60000400,2023-04-21,85.6731
LP60000400,2023-04-24,85.7522
LP60000400,2023-04-25,85.3812
LP60000400,2023-04-26,84.4763
LP60000400,2023-04-27,84.5786
LP60000400,2023-04-28,85.0886
LP60000400,2023-05-01,85.0886
LP60000400,2023-05-02,84.4447
LP60000400,2023-05-03,84.7205
LP60000400,2023-05-04,84.2155
LP60000400,2023-05-05,85.0699
LP60000400,2023-05-08,85.6188
LP60000400,2023-05-09,85.6188
LP60000400,2023-05-10,85.1516
LP60000400,2023-05-11,85.4974
LP60000400,2023-05-12,86.0689
LP60000400,2023-05-15,86.2588
LP60000400,2023-05-16,85.9536
LP60000400,2023-05-17,85.9464
LP60000400,2023-05-18,85.9464
LP60000400,2023-05-19,87.2789
LP60000400,2023-05-22,87.5047
LP60000400,2023-05-23,86.6028
LP60000400,2023-05-24,85.0881
LP60000400,2023-05-25,85.2342
LP60000400,2023-05-26,86.4707
LP60000400,2023-05-29,86.4707
LP60000400,2023-05-30,85.7299
LP60000400,2023-05-31,84.9938
LP60000400,2023-06-01,85.3692
LP60000400,2023-06-02,86.51
LP60000400,2023-06-05,86.0007
LP60000400,2023-06-06,86.3957
LP60000400,2023-06-07,86.1641
LP60000400,2023-06-08,86.2578
LP60000400,2023-06-09,85.899
LP60000400,2023-06-12,86.1648
LP60000400,2023-06-13,86.7611
LP60000400,2023-06-14,87.1456
LP60000400,2023-06-15,86.8852
LP60000400,2023-06-16,87.3037
LP60000400,2023-06-19,86.4013
LP60000400,2023-06-20,85.8376
LP60000400,2023-06-21,85.3428
LP60000400,2023-06-22,85.0413
LP60000400,2023-06-23,85.0413
LP60000400,2023-06-26,84.5219
LP60000400,2023-06-27,84.6218
LP60000400,2023-06-28,85.2892
LP60000400,2023-06-29,85.3403
LP60000400,2023-06-30,86.4156
LP60000400,2023-07-03,85.9541
LP60000400,2023-07-04,85.9437
LP60000400,2023-07-05,85.3301
LP60000400,2023-07-06,83.2941
LP60000400,2023-07-07,83.2242
LP60000400,2023-07-10,83.5069
LP60000400,2023-07-11,84.1477
LP60000400,2023-07-12,85.3922
LP60000400,2023-07-13,85.8965
LP60000400,2023-07-14,86.1868
LP60000400,2023-07-17,85.3411
LP60000400,2023-07-18,85.5217
LP60000400,2023-07-19,85.4043
LP60000400,2023-07-20,85.6995
LP60000400,2023-07-21,86.1002
LP60000400,2023-07-24,85.9989
LP60000400,2023-07-25,86.2949
LP60000400,2023-07-26,85.6141
LP60000400,2023-07-27,87.1015
LP60000400,2023-07-28,87.0607
LP60000400,2023-07-31,87.3027
LP60000400,2023-08-01,86.5411
LP60000400,2023-08-02,85.4522
LP60000400,2023-08-03,84.9142
LP60000400,2023-08-04,85.2191
LP60000400,2023-08-07,85.3424
LP60000400,2023-08-08,85.4668
LP60000400,2023-08-09,85.6907
LP60000400,2023-08-10,86.5025
LP60000400,2023-08-11,85.5711
LP60000400,2023-08-14,85.7567
LP60000400,2023-08-15,85.7567
LP60000400,2023-08-16,85.1586
LP60000400,2023-08-17,84.1594
LP60000400,2023-08-18,83.6645
LP60000400,2023-08-21,83.7834
LP60000400,2023-08-22,84.2863
LP60000400,2023-08-23,84.7193
LP60000400,2023-08-24,84.3085
LP60000400,2023-08-25,84.4736
LP60000400,2023-08-28,84.9532
LP60000400,2023-08-29,85.7338
LP60000400,2023-08-30,85.5321
LP60000400,2023-08-31,85.2066
LP60000400,2023-09-01,85.1851
LP60000400,2023-09-04,85.1909
LP60000400,2023-09-05,84.9578
LP60000400,2023-09-06,84.2437
LP60000400,2023-09-07,84.1475
LP60000400,2023-09-08,84.4199
LP60000400,2023-09-11,84.5845
LP60000400,2023-09-12,84.368
LP60000400,2023-09-13,84.0326
LP60000400,2023-09-14,85.1807
LP60000400,2023-09-15,85.3347
LP60000400,2023-09-18,84.1585
LP60000400,2023-09-19,84.0553
LP60000400,2023-09-20,84.7635
LP60000400,2023-09-21,83.7826
LP60000400,2023-09-22,83.3779
LP60000400,2023-09-25,82.8748
LP60000400,2023-09-26,82.4412
LP60000400,2023-09-27,82.2116
LP60000400,2023-09-28,82.6927
LP60000400,2023-09-29,82.7832
LP60000400,2023-10-02,82.0033
LP60000400,2023-10-03,81.1239
LP60000400,2023-10-04,81.1511
LP60000400,2023-10-05,81.3505
LP60000400,2023-10-06,82.1542
LP60000400,2023-10-09,81.7
LP60000400,2023-10-10,83.2933
LP60000400,2023-10-11,83.3271
LP60000400,2023-10-12,83.5469
LP60000400,2023-10-13,82.8092
LP60000400,2023-10-16,82.7924
LP60000400,2023-10-17,82.6218
LP60000400,2023-10-18,81.6319
LP60000400,2023-10-19,80.787
LP60000400,2023-10-20,79.7199
LP60000400,2023-10-23,79.7995
LP60000400,2023-10-24,79.9968
LP60000400,2023-10-25,80.2139
LP60000400,2023-10-26,79.674
LP60000400,2023-10-27,79.0953
LP60000400,2023-10-30,79.2728
LP60000400,2023-10-31,79.6267
LP60000400,2023-11-01,79.6267
LP60000400,2023-11-02,81.6818
LP60000400,2023-11-03,81.6512
LP60000400,2023-11-06,81.4813
LP60000400,2023-11-07,81.3537
LP60000400,2023-11-08,81.6937
LP60000400,2023-11-09,82.289
LP60000400,2023-11-10,81.4635
LP60000400,2023-11-13,81.8771
LP60000400,2023-11-14,83.0254
LP60000400,2023-11-15,83.4457
LP60000400,2023-11-16,82.9759
LP60000400,2023-11-17,83.8704
LP60000400,2023-11-20,83.6839
LP60000400,2023-11-21,83.7503
LP60000400,2023-11-22,84.1488
LP60000400,2023-11-23,84.2791
LP60000400,2023-11-24,84.5294
LP60000400,2023-11-27,84.2236
LP60000400,2023-11-28,83.8567
LP60000400,2023-11-29,84.2963
LP60000400,2023-11-30,84.8887
LP60000400,2023-12-01,85.6485
LP60000400,2023-12-04,85.4704
LP60000400,2023-12-05,85.8323
LP60000400,2023-12-06,86.4323
LP60000400,2023-12-07,86.2138
LP60000400,2023-12-08,86.9554
LP60000400,2023-12-11,87.3706
LP60000400,2023-12-12,87.3426
LP60000400,2023-12-13,87.4287
LP60000400,2023-12-14,88.5792
LP60000400,2023-12-15,88.7444
LP60000400,2023-12-18,88.2787
LP60000400,2023-12-19,88.6549
LP60000400,2023-12-20,88.9868
LP60000400,2023-12-21,88.8621
LP60000400,2023-12-22,88.9619
LP60000400,2023-12-25,88.9619
LP60000400,2023-12-26,88.9619
LP60000400,2023-12-27,89.1031
LP60000400,2023-12-28,88.9042
LP60000400,2023-12-29,89.0142
LP60000400,2024-01-01,89.0142
LP60000400,2024-01-02,88.4279
LP60000400,2024-01-03,87.1887
LP60000400,2024-01-04,87.6044
LP60000400,2024-01-05,87.18
LP60000400,2024-01-08,87.4927
LP60000400,2024-01-09,87.243
LP60000400,2024-01-10,87.1462
LP60000400,2024-01-11,86.4167
LP60000400,2024-01-12,87.1432
LP60000400,2024-01-15,86.6571
LP60000400,2024-01-16,86.4973
LP60000400,2024-01-17,85.6543
LP60000400,2024-01-18,86.6203
LP60000400,2024-01-19,86.4925
LP60000400,2024-01-22,87.224
LP60000400,2024-01-23,86.9649
LP60000400,2024-01-24,88.0768
LP60000400,2024-01-25,88.7157
LP60000400,2024-01-26,89.707
LP60000400,2024-01-29,89.9411
LP60000400,2024-01-30,90.2914
LP60000400,2024-01-31,90.1704
LP60000400,2024-02-01,89.8351
LP60000400,2024-02-02,89.8983
LP60000400,2024-02-05,89.7745
LP60000400,2024-02-06,90.2194
LP60000400,2024-02-07,90.2737
LP60000400,2024-02-08,90.3526
LP60000400,2024-02-09,90.5364
LP60000400,2024-02-12,91.0024
LP60000400,2024-02-13,89.9715
LP60000400,2024-02-14,90.5531
LP60000400,2024-02-15,91.2523
LP60000400,2024-02-16,92.0244
LP60000400,2024-02-19,92.137
LP60000400,2024-02-20,91.7673
LP60000400,2024-02-21,91.6596
LP60000400,2024-02-22,92.8541
LP60000400,2024-02-23,93.3783
LP60000400,2024-02-26,93.1927
LP60000400,2024-02-27,93.318
LP60000400,2024-02-28,93.2154
LP60000400,2024-02-29,93.6137
LP60000400,2024-03-01,94.4
LP60000400,2024-03-04,94.6649
LP60000400,2024-03-05,93.9093
LP60000400,2024-03-06,94.2624
LP60000400,2024-03-07,95.6137
LP60000400,2024-03-08,95.5463
LP60000400,2024-03-11,94.8221
LP60000400,2024-03-12,95.9202
LP60000400,2024-03-13,96.0553
LP60000400,2024-03-14,96.3653
LP60000400,2024-03-15,95.9506
LP60000400,2024-03-18,95.7574
LP60000400,2024-03-19,95.7824
LP60000400,2024-03-20,95.7216
LP60000400,2024-03-21,96.882
LP60000400,2024-03-22,96.506
LP60000400,2024-03-25,96.5313
LP60000400,2024-03-26,96.6407
LP60000400,2024-03-27,96.8009
LP60000400,2024-03-28,96.9581
LP60000400,2024-03-29,96.9581
LP60000400,2024-04-01,96.9581
LP60000400,2024-04-02,96.0149
LP60000400,2024-04-03,96.3346
LP60000400,2024-04-04,96.4998
LP60000400,2024-04-05,95.729
LP60000400,2024-04-08,96.0695
LP60000400,2024-04-09,95.2252
LP60000400,2024-04-10,95.5255
LP60000400,2024-04-11,95.4011
LP60000400,2024-04-12,95.5127
LP60000400,2024-04-15,95.769
LP60000400,2024-04-16,94.3413
LP60000400,2024-04-17,94.307
LP60000400,2024-04-18,94.1798
LP60000400,2024-04-19,93.7552
LP60000400,2024-04-22,93.975
LP60000400,2024-04-23,95.2572
LP60000400,2024-04-24,95.2911
LP60000400,2024-04-25,94.7238
LP60000400,2024-04-26,96.3563
LP60000400,2024-04-29,96.0879
LP60000400,2024-04-30,95.5076
LP60000400,2024-05-01,95.5076
LP60000400,2024-05-02,95.0037
LP60000400,2024-05-03,95.6002
LP60000400,2024-05-06,96.1234
LP60000400,2024-05-07,97.3692
LP60000400,2024-05-08,97.7359
LP60000400,2024-05-09,97.7359
LP60000400,2024-05-10,98.8494
LP60000400,2024-05-13,98.8145
LP60000400,2024-05-14,98.8487
LP60000400,2024-05-15,99.4852
LP60000400,2024-05-16,99.0631
LP60000400,2024-05-17,98.8778
LP60000400,2024-05-20,98.8778
LP60000400,2024-05-21,99.0174
LP60000400,2024-05-22,98.6108
LP60000400,2024-05-23,99.0928
LP60000400,2024-05-24,99.1395
LP60000400,2024-05-27,99.3504
LP60000400,2024-05-28,98.7906
LP60000400,2024-05-29,97.6755
LP60000400,2024-05-30,98.0983
LP60000400,2024-05-31,98.2043
LP60000400,2024-06-03,98.6912
LP60000400,2024-06-04,98.1683
LP60000400,2024-06-05,99.411
LP60000400,2024-06-06,100.1975
LP60000400,2024-06-07,100.0133
LP60000400,2024-06-10,99.8573
LP60000400,2024-06-11,98.9521
LP60000400,2024-06-12,100.5148
LP60000400,2024-06-13,98.9085
LP60000400,2024-06-14,97.7987
LP60000400,2024-06-17,98.056
LP60000400,2024-06-18,98.6954
LP60000400,2024-06-19,98.7002
LP60000400,2024-06-20,99.7149
LP60000400,2024-06-21,98.8058
LP60000400,2024-06-24,99.2727
LP60000400,2024-06-25,99.3004
LP60000400,2024-06-26,98.7445
LP60000400,2024-06-27,98.3313
LP60000400,2024-06-28,98.3393
LP60000400,2024-07-01,98.2666
LP60000400,2024-07-02,97.941
LP60000400,2024-07-03,98.4738
LP60000400,2024-07-04,98.986
LP60000400,2024-07-05,98.8948
LP60000400,2024-07-08,98.8569
LP60000400,2024-07-09,97.7537
LP60000400,2024-07-10,98.575
LP60000400,2024-07-11,99.3878
LP60000400,2024-07-12,100.6687
LP60000400,2024-07-15,99.8173
LP60000400,2024-07-16,99.557
LP60000400,2024-07-17,98.2956
LP60000400,2024-07-18,97.4181
LP60000400,2024-07-19,96.8274
LP60000400,2024-07-22,97.8637
LP60000400,2024-07-23,98.4857
LP60000400,2024-07-24,97.3351
LP60000400,2024-07-25,96.1093
LP60000400,2024-07-26,97.1158
LP60000400,2024-07-29,96.9891
LP60000400,2024-07-30,97.2951
LP60000400,2024-07-31,98.2524
LP60000400,2024-08-01,96.7283
LP60000400,2024-08-02,92.9873
LP60000400,2024-08-05,91.2377
LP60000400,2024-08-06,91.6909
LP60000400,2024-08-07,92.9468
LP60000400,2024-08-08,93.3261
LP60000400,2024-08-09,94.0236
LP60000400,2024-08-12,94.1099
LP60000400,2024-08-13,94.6748
LP60000400,2024-08-14,95.4501
LP60000400,2024-08-15,95.4501
LP60000400,2024-08-16,97.1637
LP60000400,2024-08-19,97.7454
LP60000400,2024-08-20,97.4716
LP60000400,2024-08-21,97.718
LP60000400,2024-08-22,98.1866
LP60000400,2024-08-23,98.615
LP60000400,2024-08-26,98.4663
LP60000400,2024-08-27,98.467
LP60000400,2024-08-28,98.7185
LP60000400,2024-08-29,99.7371
LP60000400,2024-08-30,99.8175
LP60000400,2024-09-02,100.1537
LP60000400,2024-09-03,98.9591
LP60000400,2024-09-04,97.3952
LP60000400,2024-09-05,96.5699
LP60000400,2024-09-06,95.3374
LP60000400,2024-09-09,96.1383
LP60000400,2024-09-10,95.6703
LP60000400,2024-09-11,95.7817
LP60000400,2024-09-12,97.0682
LP60000400,2024-09-13,97.7126
LP60000400,2024-09-16,97.7432
LP60000400,2024-09-17,98.2766
LP60000400,2024-09-18,97.7125
LP60000400,2024-09-19,99.6135
LP60000400,2024-09-20,98.1029
LP60000400,2024-09-23,98.3456
LP60000400,2024-09-24,98.9056
LP60000400,2024-09-25,98.8561
LP60000400,2024-09-26,100.3472
LP60000400,2024-09-27,100.3496
LP60000400,2024-09-30,99.1295
LP60000400,2024-10-01,98.5605
LP60000400,2024-10-02,98.6506
LP60000400,2024-10-03,97.6773
LP60000400,2024-10-04,98.0788
LP60000400,2024-10-07,98.3779
LP60000400,2024-10-08,98.1033
LP60000400,2024-10-09,98.9931
LP60000400,2024-10-10,98.891
LP60000400,2024-10-11,99.5538
LP60000400,2024-10-14,100.2835
LP60000400,2024-10-15,99.0845
LP60000400,2024-10-16,98.9524
LP60000400,2024-10-17,99.8621
LP60000400,2024-10-18,100.0912
LP60000400,2024-10-21,99.2754
LP60000400,2024-10-22,98.9934
LP60000400,2024-10-23,98.5209
LP60000400,2024-10-24,98.6209
LP60000400,2024-10-25,98.6155
LP60000400,2024-10-28,99.1489
LP60000400,2024-10-29,98.5907
LP60000400,2024-10-30,97.7304
LP60000400,2024-10-31,96.118
LP60000400,2024-11-01,96.118
LP60000400,2024-11-04,96.7315
LP60000400,2024-11-05,97.1994
LP60000400,2024-11-06,97.6324
LP60000400,2024-11-07,97.7805
LP60000400,2024-11-08,97.2458
LP60000400,2024-11-11,98.554
LP60000400,2024-11-12,96.4843
LP60000400,2024-11-13,96.4704
LP60000400,2024-11-14,97.7319
LP60000400,2024-11-15,96.7193
LP60000400,2024-11-18,96.8622
LP60000400,2024-11-19,96.5946
LP60000400,2024-11-20,96.8515
LP60000400,2024-11-21,97.4389
LP60000400,2024-11-22,98.712
LP60000400,2024-11-25,98.8539
LP60000400,2024-11-26,98.4903
LP60000400,2024-11-27,98.0315
LP60000400,2024-11-28,98.6875
LP60000400,2024-11-29,99.473
LP60000400,2024-12-02,100.2748
LP60000400,2024-12-03,100.6915
LP60000400,2024-12-04,101.1578
LP60000400,2024-12-05,101.4358
LP60000400,2024-12-06,101.743
LP60000400,2024-12-09,101.4476
LP60000400,2024-12-10,100.4307
LP60000400,2024-12-11,100.7067
LP60000400,2024-12-12,100.4991
LP60000400,2024-12-13,100.0808
LP60000400,2024-12-16,100.3133
LP60000400,2024-12-17,99.9956
LP60000400,2024-12-18,100.2865
LP60000400,2024-12-19,98.435
LP60000400,2024-12-20,97.0059
LP60000400,2024-12-23,97.2092
LP60000400,2024-12-24,97.2092
LP60000400,2024-12-25,97.2092
LP60000400,2024-12-26,97.2092
LP60000400,2024-12-27,97.9881
LP60000400,2024-12-30,97.3164
LP60000400,2024-12-31,97.7799
LP60000400,2025-01-01,97.7799
LP60000400,2025-01-02,98.4351
LP60000400,2025-01-03,97.9341
LP60000400,2025-01-06,99.188
LP60000400,2025-01-07,99.3006
LP60000400,2025-01-08,99.1343
LP60000400,2025-01-09,99.5496
LP60000400,2025-01-10,98.567
LP60000400,2025-01-13,97.9062
LP60000400,2025-01-14,98.0025
LP60000400,2025-01-15,99.2882
LP60000400,2025-01-16,100.5713
LP60000400,2025-01-17,101.1481
LP60000400,2025-01-20,101.1054
LP60000400,2025-01-21,101.731
LP60000400,2025-01-22,102.485
LP60000400,2025-01-23,103.0127
LP60000400,2025-01-24,102.9372
LP60000400,2025-01-27,102.028
LP60000400,2025-01-28,102.1057
LP60000400,2025-01-29,103.1199
LP60000400,2025-01-30,103.9523
LP60000400,2025-01-31,104.6491
LP60000400,2025-02-03,103.321
LP60000400,2025-02-04,103.3865
LP60000400,2025-02-05,103.8698
LP60000400,2025-02-06,105.3268
LP60000400,2025-02-07,104.6774
LP60000400,2025-02-10,105.1415
LP60000400,2025-02-11,105.7197
LP60000400,2025-02-12,105.4163
LP60000400,2025-02-13,106.7308
LP60000400,2025-02-14,106.4311
LP60000400,2025-02-17,107.0459
LP60000400,2025-02-18,107.2968
LP60000400,2025-02-19,106.12
LP60000400,2025-02-20,105.8782
LP60000400,2025-02-21,106.5403
LP60000400,2025-02-24,105.8409
LP60000400,2025-02-25,105.5646
LP60000400,2025-02-26,106.8935
LP60000400,2025-02-27,106.1415
LP60000400,2025-02-28,106.1562
LP60000400,2025-03-03,106.8898
LP60000400,2025-03-04,103.6499
LP60000400,2025-03-05,104.9285
LP60000400,2025-03-06,104.7508
LP60000400,2025-03-07,103.9942
LP60000400,2025-03-10,102.1225
LP60000400,2025-03-11,100.389
LP60000400,2025-03-12,101.4778
LP60000400,2025-03-13,101.1175
LP60000400,2025-03-14,102.0864
LP60000400,2025-03-17,102.6442
LP60000400,2025-03-18,103.3364
LP60000400,2025-03-19,103.5984
LP60000400,2025-03-20,102.9071
LP60000400,2025-03-21,102.1861
LP60000400,2025-03-24,102.2995
LP60000400,2025-03-25,103.1737
LP60000400,2025-03-26,102.3066
LP60000400,2025-03-27,101.8817
LP60000400,2025-03-28,100.8888
LP60000400,2025-03-31,99.499
LP60000400,2025-04-01,100.2784
LP60000400,2025-04-02,100.0478
LP60000400,2025-04-03,96.9641
LP60000400,2025-04-04,92.0573
LP60000400,2025-04-07,87.8712
LP60000400,2025-04-08,90.0573
LP60000400,2025-04-09,87.2901
LP60000400,2025-04-10,90.9085
LP60000400,2025-04-11,90.5287
LP60000400,2025-04-14,92.9013
LP60000400,2025-04-15,94.5438
LP60000400,2025-04-16,94.3154
LP60000400,2025-04-17,94.0201
LP60000400,2025-04-18,94.0201
LP60000400,2025-04-21,94.0201
LP60000400,2025-04-22,94.3006
LP60000400,2025-04-23,96.2132
LP60000400,2025-04-24,96.5847
LP60000400,2025-04-25,97.1085
LP60000400,2025-04-28,97.485
LP60000400,2025-04-29,97.638
LP60000400,2025-04-30,97.9759
LP60000400,2025-05-01,97.9759
LP60000400,2025-05-02,99.5666
LP60000400,2025-05-05,99.7753
LP60000400,2025-05-06,99.4736
LP60000400,2025-05-07,98.9234
LP60000400,2025-05-08,99.5439
LP60000400,2025-05-09,99.5439
LP60000400,2025-05-12,101.4931
LP60000400,2025-05-13,101.698
LP60000400,2025-05-14,101.55
LP60000400,2025-05-15,102.0036
LP60000400,2025-05-16,102.3279
LP60000400,2025-05-19,102.7486
LP60000400,2025-05-20,103.4095
LP60000400,2025-05-21,103.3297
LP60000400,2025-05-22,102.9487
LP60000400,2025-05-23,101.7497
LP60000400,2025-05-26,102.6485
LP60000400,2025-05-27,103.1324
LP60000400,2025-05-28,102.3299
LP60000400,2025-05-29,102.3299
LP60000400,2025-05-30,102.4887
LP60000400,2025-06-02,102.1557
LP60000400,2025-06-03,102.5205
LP60000400,2025-06-04,103.0366
LP60000400,2025-06-05,103.0829
LP60000400,2025-06-06,103.6352
LP60000400,2025-06-09,103.6352
LP60000400,2025-06-10,103.1438
LP60000400,2025-06-11,102.9751
LP60000400,2025-06-12,102.375
LP60000400,2025-06-13,101.3944
LP60000400,2025-06-16,102.2112
LP60000400,2025-06-17,101.328
LP60000400,2025-06-18,101.029
LP60000400,2025-06-19,99.9327
LP60000400,2025-06-20,100.2701
LP60000400,2025-06-23,100.2701
LP60000400,2025-06-24,101.4849
LP60000400,2025-06-25,100.7886
LP60000400,2025-06-26,100.8901
LP60000400,2025-06-27,102.5128
LP60000400,2025-06-30,102.0647
LP60000400,2025-07-01,101.614
LP60000400,2025-07-02,101.4351
LP60000400,2025-07-03,102.182
LP60000400,2025-07-04,101.4225
LP60000400,2025-07-07,102.3483
LP60000400,2025-07-08,102.5203
LP60000400,2025-07-09,103.5156
LP60000400,2025-07-10,103.7251
LP60000400,2025-07-11,102.4266
LP60000400,2025-07-14,102.3529
LP60000400,2025-07-15,102.1885
LP60000400,2025-07-16,101.4537
LP60000400,2025-07-17,102.6925
LP60000400,2025-07-18,102.5365
LP60000400,2025-07-21,102.5029
LP60000400,2025-07-22,101.882
LP60000400,2025-07-23,102.6582
LP60000400,2025-07-24,102.9444
LP60000400,2025-07-25,102.5635
LP60000400,2025-07-28,102.3052
LP60000400,2025-07-29,103.112
LP60000400,2025-07-30,103.4893
LP60000400,2025-07-31,102.8491
LP60000400,2025-08-01,99.9421
LP60000400,2025-08-04,101.215
LP60000400,2025-08-05,101.087
LP60000400,2025-08-06,101.2326
LP60000400,2025-08-07,102.2871
LP60000400,2025-08-08,102.7093
LP60000400,2025-08-11,102.4317
LP60000400,2025-08-12,102.6033
LP60000400,2025-08-13,103.1334
LP60000400,2025-08-14,104.1797
LP60000400,2025-08-15,104.1797
LP60000400,2025-08-18,103.514
LP60000400,2025-08-19,104.2096
LP60000400,2025-08-20,104.0455
LP60000400,2025-08-21,104.1385
LP60000400,2025-08-22,104.5074
LP60000400,2025-08-25,103.9194
LP60000400,2025-08-26,103.2519
LP60000400,2025-08-27,103.3026
LP60000400,2025-08-28,103.0365
LP60000400,2025-08-29,102.1277
LP60000400,2025-09-01,102.4377
LP60000400,2025-09-02,100.6063
LP60000400,2025-09-03,101.3652
LP60000400,2025-09-04,102.1283
LP60000400,2025-09-05,101.9205
LP60000400,2025-09-08,102.7698
LP60000400,2025-09-09,102.7365
LP60000400,2025-09-10,102.7501
LP60000400,2025-09-11,103.5702
LP60000400,2025-09-12,103.6201
LP60000400,2025-09-15,104.3668
LP60000400,2025-09-16,102.8652
LP60000400,2025-09-17,102.6226
LP60000400,2025-09-18,103.7472
LP60000400,2025-09-19,103.7385
LP60000400,2025-09-22,103.7034
LP60000400,2025-09-23,104.0489
LP60000400,2025-09-24,103.8343
LP60000400,2025-09-25,103.2971
LP60000400,2025-09-26,104.4818
LP60000400,2025-09-29,104.5138
LP60000400,2025-09-30,105.4121
LP60000400,2025-10-01,106.4756
LP60000400,2025-10-02,107.3502
LP60000400,2025-10-03,107.8763
LP60000400,2025-10-06,107.4693
LP60000400,2025-10-07,107.0858
LP60000400,2025-10-08,108.1553
LP60000400,2025-10-09,107.7896
LP60000400,2025-10-10,106.4249
LP60000400,2025-10-13,106.9262
LP60000400,2025-10-14,106.6741
LP60000400,2025-10-15,107.1734
LP60000400,2025-10-16,107.7611
LP60000400,2025-10-17,106.5375
LP60000400,2025-10-20,107.8526
LP60000400,2025-10-21,108.2731
LP60000400,2025-10-22,107.4682
LP60000400,2025-10-23,108.0203
LP60000400,2025-10-24,108.5427
LP60000400,2025-10-27,109.1038
LP60000400,2025-10-28,109.1214
LP60000400,2025-10-29,108.6873
LP60000400,2025-10-30,108.8584
LP60000400,2025-10-31,108.1044
LP60000400,2025-11-03,108.2754
LP60000400,2025-11-04,107.8239
LP60000400,2025-11-05,107.9943
LP60000400,2025-11-06,107.053
LP60000400,2025-11-07,106.2787
LP60000400,2025-11-10,107.9825
LP60000400,2025-11-11,108.6139
LP60000400,2025-11-12,109.4069
LP60000400,2025-11-13,108.1334
LP60000400,2025-11-14,107.086
LP60000400,2025-11-17,106.6333
LP60000400,2025-11-18,104.5971
LP60000400,2025-11-19,104.2705
LP60000400,2025-11-20,104.7059
LP60000400,2025-11-21,103.8027
LP60000400,2025-11-24,103.9267
LP60000400,2025-11-25,104.8818
LP60000400,2025-11-26,106.3151
LP60000400,2025-11-27,106.44
LP60000400,2025-11-28,106.5986
LP60000400,2025-12-01,106.0854
LP60000400,2025-12-02,106.4898
LP60000400,2025-12-03,106.8625
LP60000400,2025-12-04,107.5468
LP60000400,2025-12-05,107.4041
LP60000400,2025-12-08,107.6006
LP60000400,2025-12-09,107.3701
LP60000400,2025-12-10,107.1887
LP60000400,2025-12-11,107.7706
LP60000400,2025-12-12,106.8837
LP60000400,2025-12-15,107.9443
LP60000400,2025-12-16,107.4743
LP60000400,2025-12-17,106.999
LP60000400,2025-12-18,108.4523
LP60000400,2025-12-19,108.8852
LP60000400,2025-12-22,108.6094
LP60000400,2025-12-23,108.8892
LP60000400,2025-12-24,108.8892
LP60000400,2025-12-25,108.8892
LP60000400,2025-12-26,108.8892
LP60000400,2025-12-29,108.8466
LP60000400,2025-12-30,109.5609
LP60000400,2025-12-31,109.4405
LP60000400,2026-01-01,109.4405
LP60000400,2026-01-02,110.6001
LP60000400,2026-01-05,112.1412
LP60000400,2026-01-06,112.7398
LP60000400,2026-01-07,112.9482
LP60000400,2026-01-08,112.5959
LP60000400,2026-01-09,113.9189
LP60000400,2026-01-12,114.348
LP60000400,2026-01-13,114.3125
LP60000400,2026-01-14,114.017
LP60000400,2026-01-15,114.8872
LP60000400,2026-01-16,115.002
LP60000400,2026-01-19,113.6316
LP60000400,2026-01-20,112.838
LP60000400,2026-01-21,112.4965
LP60000400,2026-01-22,113.4185
LP60000400,2026-01-23,113.6599
LP60000400,2026-01-26,113.6465
LP60000400,2026-01-27,114.7387
LP60000400,2026-01-28,113.6602
LP60000400,2026-01-29,113.0192
LP60000400,2026-01-30,113.9004
LP60000400,2026-02-02,115.1902
LP60000400,2026-02-03,115.5816
LP60000400,2026-02-04,115.1033
LP60000400,2026-02-05,113.7614
LP60000400,2026-02-06,115.3476
LP60000400,2026-02-09,116.4187
LP60000400,2026-02-10,115.9177
LP60000400,2026-02-11,116.5538
LP60000400,2026-02-12,115.7144
LP60000400,2026-02-13,115.7816
LP60000400,2026-02-16,116.2329
LP60000400,2026-02-17,116.5588
LP60000400,2026-02-18,118.365
LP60000400,2026-02-19,117.4514
LP60000400,2026-02-20,118.4953
LP60000400,2026-02-23,118.1217
LP60000400,2026-02-24,118.1938
LP60000400,2026-02-25,119.0128
LP60000400,2026-02-26,118.6701
LP60000400,2026-02-27,118.5726
LP60000400,2026-03-02,116.334
LP60000400,2026-03-03,112.3873
LP60000400,2026-03-04,114.3498
LP60000400,2026-03-05,112.2332
LP60000400,2026-03-06,110.9963
LP60000400,2026-03-09,110.2195
LP60000400,2026-03-10,112.7246
LP60000400,2026-03-11,112.0733
LP60000400,2026-03-12,111.3364
LP60000400,2026-03-13,110.4136
LP60000400,2026-03-16,111.0027
LP60000400,2026-03-17,111.726
LP60000400,2026-03-18,111.0604
LP60000400,2026-03-19,107.8542
LP60000400,2026-03-20,105.7335
LP60000400,2026-03-23,106.5463
LP60000400,2026-03-24,107.165
LP60000400,2026-03-25,108.7547
LP60000400,2026-03-26,106.7281
LP60000400,2026-03-27,105.4101
LP60000400,2026-03-30,105.9999
LP60000400,2026-03-31,106.5799
LP60000400,2026-04-01,110.0151
LP60000400,2026-04-02,109.7947
LP60000400,2026-04-03,109.7947
LP60000400,2026-04-06,109.7947
LP60000400,2026-04-07,108.3009
LP60000400,2026-04-08,113.3847
LP60000400,2026-04-09,113.4535
LP60000400,2026-04-10,113.7836
LP60000400,2026-04-13,113.6251
LP60000400,2026-04-14,114.8381
LP60000400,2026-04-15,113.9222
LP60000400,2026-04-16,113.6937
LP60000400,2026-04-17,115.6043
LP60000400,2026-04-20,114.6076
LP60000400,2026-04-21,113.2535
LP60000400,2026-04-22,112.8666
LP60000400,2026-04-23,113.3835
LP60000400,2026-04-24,112.6286
LP60000400,2026-04-27,111.9787
LP60000400,2026-04-28,111.468
LP60000400,2026-04-29,111.2268
LP60000400,2026-04-30,113.0115
LP60000400,2026-05-01,113.0115
LP60000400,2026-05-04,111.5852
LP60000400,2026-05-05,112.6694
LP60000400,2026-05-06,115.6435
LP60000400,2026-05-07,114.0367
LP60000400,2026-05-08,113.4298
LP60000400,2026-05-11,113.5216
LP60000400,2026-05-12,111.7005
LP60000400,2026-05-13,113.2273
LP60000400,2026-05-14,113.2273
LP60000400,2026-05-15,111.8137
LP60000400,2026-05-18,112.3877
LP60000400,2026-05-19,112.5142
LP60000400,2026-05-20,114.6387
LP60000400,2026-05-21,114.6042
LP60000400,2026-05-22,116.2282
LP60000400,2026-05-25,116.2282
LP60000400,2026-05-26,117.1126
LP60000400,2026-05-27,117.002
LP60000400,2026-05-28,116.4945
LP60000400,2026-05-29,116.4611
LP60000400,2026-06-01,115.4563
LP60000400,2026-06-02,116.6972
LP60000400,2026-06-03,116.3983
LP60000400,2026-06-04,116.7108
LP60000400,2026-06-05,115.8952
LP60000400,2026-06-08,115.8139
LP60000400,2026-06-09,114.9233
LP60000400,2026-06-10,114.6185
LP60000400,2026-06-11,116.0804
LP60000400,2026-06-12,118.7909
LP60000400,2026-06-15,118.8908
LP60000400,2026-06-16,118.8726
LP60000400,2026-06-17,119.9671
LP60000400,2026-06-18,120.1505
LP60000400,2026-06-19,119.5914
LP60000400,2026-06-22,120.4691
LP60000400,2026-06-23,120.4691
LP60000400,2026-06-24,119.0974
LP60000400,2026-06-25,120.6643
LP60000400,2026-06-26,119.3566
LP60000400,2026-06-29,119.4374
LP60000400,2026-06-30,121.1148
LP60000400,2026-07-01,120.3161
LP60000400,2026-07-02,121.8048
LP60000400,2026-07-03,123.0763
LP60000400,2026-07-06,122.5745
LP60000400,2026-07-07,120.6599
LP60000400,2026-07-08,118.7032
LP60000400,2026-07-09,120.1259
LP60000400,2026-07-10,119.9005
LP60000400,2026-07-13,119.2057
LP60000400,2026-07-14,119.3026
LP60000400,2026-07-15,119.0489
LP60000400,2026-07-16,119.0124
LP60000400,2026-07-17,117.9542
LP60000400,2026-07-20,117.4565
LP60000400,2026-07-21,119.0374
LP60000400,2026-07-22,119.8002
LP60000400,2026-07-23,118.1792
LP60000400,2026-07-24,118.8375
LP60000400,2026-07-27,118.2237
LP60000400,2026-07-28,117.8778
LP60000400,2026-07-29,116.8318
LP60000400,2026-07-30,118.9848
LP60000400,2026-07-31,119.1233
LP60000400,2026-08-03,119.562
LP60000400,2026-08-04,120.9197
LP60000400,2026-08-05,121.1103
LP60000400,2026-08-06,121.3105
LP60000400,2026-08-07,121.7003
LP60000400,2026-08-10,121.9467
LP60000400,2026-08-11,122.0957
LP60000400,2026-08-12,122.1341
LP60000400,2026-08-13,122.4633
LP60000400,2026-08-14,121.9763
LP60000400,2026-08-17,122.0232
LP60000400,2026-08-18,120.6128
LP60000400,2026-08-19,120.1962
LP60000400,2026-08-20,120.0429
LP60000400,2026-08-21,120.7648
LP60000400,2026-08-24,120.5878
LP60000400,2026-08-25,121.3947
LP60000400,2026-08-26,121.3354
LP60000400,2026-08-27,120.2985
LP60000400,2026-08-28,120.8193
LP60000400,2026-08-31,119.7696
LP60000400,2026-09-01,118.9389
LP60000400,2026-09-02,118.7344
LP60000400,2026-09-03,119.1071
LP60000400,2026-09-04,119.3251
LP60000400,2026-09-07,119.764
LP60000400,2026-09-08,119.2767
LP60000400,2026-09-09,117.5545
LP60000400,2026-09-10,116.7431
LP60000400,2026-09-11,117.6224
LP60000400,2026-09-14,116.1937
LP60000400,2026-09-15,115.8787
LP60000400,2026-09-16,116.8067
LP60000400,2026-09-17,118.0173
LP60000400,2026-09-18,116.7949
LP60000400,2026-09-21,118.5704
LP60000400,2026-09-22,118.779
LP60000400,2026-09-23,118.3487
LP60000400,2026-09-24,117.823
LP60000400,2026-09-25,118.3553
LP60000400,2026-09-28,118.5121
LP60000400,2026-09-29,118.6213
LP60078536,2023-01-02,34.332
LP60078536,2023-01-03,34.6896
LP60078536,2023-01-04,34.8472
LP60078536,2023-01-05,34.7316
LP60078536,2023-01-06,35.1918
LP60078536,2023-01-09,34.9168
LP60078536,2023-01-10,35.0657
LP60078536,2023-01-11,35.371
LP60078536,2023-01-12,35.4471
LP60078536,2023-01-13,35.579
LP60078536,2023-01-16,35.594
LP60078536,2023-01-17,35.6802
LP60078536,2023-01-18,35.2838
LP60078536,2023-01-19,35.0544
LP60078536,2023-01-20,35.441
LP60078536,2023-01-23,35.7149
LP60078536,2023-01-24,35.694
LP60078536,2023-01-25,35.6159
LP60078536,2023-01-26,36.0471
LP60078536,2023-01-27,36.1997
LP60078536,2023-01-30,35.7582
LP60078536,2023-01-31,36.1237
LP60078536,2023-02-01,36.2444
LP60078536,2023-02-02,36.6703
LP60078536,2023-02-03,36.6002
LP60078536,2023-02-06,36.6743
LP60078536,2023-02-07,37.1627
LP60078536,2023-02-08,36.8095
LP60078536,2023-02-09,36.5349
LP60078536,2023-02-10,36.7449
LP60078536,2023-02-13,36.9432
LP60078536,2023-02-14,36.9826
LP60078536,2023-02-15,37.173
LP60078536,2023-02-16,36.8607
LP60078536,2023-02-17,36.7548
LP60078536,2023-02-20,36.7169
LP60078536,2023-02-21,36.1654
LP60078536,2023-02-22,36.2259
LP60078536,2023-02-23,36.4299
LP60078536,2023-02-24,36.2304
LP60078536,2023-02-27,36.2074
LP60078536,2023-02-28,36.1035
LP60078536,2023-03-01,35.7952
LP60078536,2023-03-02,36.1787
LP60078536,2023-03-03,36.7199
LP60078536,2023-03-06,36.5291
LP60078536,2023-03-07,36.3208
LP60078536,2023-03-08,36.445
LP60078536,2023-03-09,35.9461
LP60078536,2023-03-10,35.0994
LP60078536,2023-03-13,34.7749
LP60078536,2023-03-14,35.2122
LP60078536,2023-03-15,35.3629
LP60078536,2023-03-16,35.6124
LP60078536,2023-03-17,35.2401
LP60078536,2023-03-20,35.2816
LP60078536,2023-03-21,35.5622
LP60078536,2023-03-22,35.1599
LP60078536,2023-03-23,35.0023
LP60078536,2023-03-24,35.3456
LP60078536,2023-03-27,35.4133
LP60078536,2023-03-28,35.271
LP60078536,2023-03-29,35.736
LP60078536,2023-03-30,35.7553
LP60078536,2023-03-31,36.3504
LP60078536,2023-04-03,36.4315
LP60078536,2023-04-04,36.0575
LP60078536,2023-04-05,36.0892
LP60078536,2023-04-06,36.1351
LP60078536,2023-04-07,36.1351
LP60078536,2023-04-10,36.3649
LP60078536,2023-04-11,36.2621
LP60078536,2023-04-12,36.0292
LP60078536,2023-04-13,36.2365
LP60078536,2023-04-14,36.3252
LP60078536,2023-04-17,36.6488
LP60078536,2023-04-18,36.6066
LP60078536,2023-04-19,36.5875
LP60078536,2023-04-20,36.3829
LP60078536,2023-04-21,36.407
LP60078536,2023-04-24,36.2801
LP60078536,2023-04-25,35.9762
LP60078536,2023-04-26,35.6383
LP60078536,2023-04-27,36.2125
LP60078536,2023-04-28,36.3824
LP60078536,2023-05-01,36.5502
LP60078536,2023-05-02,36.1643
LP60078536,2023-05-03,35.8375
LP60078536,2023-05-04,35.7952
LP60078536,2023-05-05,36.3316
LP60078536,2023-05-08,36.3799
LP60078536,2023-05-09,36.4237
LP60078536,2023-05-10,36.4659
LP60078536,2023-05-11,36.5555
LP60078536,2023-05-12,36.6794
LP60078536,2023-05-15,36.8076
LP60078536,2023-05-16,36.5838
LP60078536,2023-05-17,36.9886
LP60078536,2023-05-18,37.4254
LP60078536,2023-05-19,37.401
LP60078536,2023-05-22,37.4065
LP60078536,2023-05-23,37.1004
LP60078536,2023-05-24,36.7857
LP60078536,2023-05-25,37.0116
LP60078536,2023-05-26,37.5045
LP60078536,2023-05-29,37.5235
LP60078536,2023-05-30,37.4028
LP60078536,2023-05-31,37.3057
LP60078536,2023-06-01,37.4799
LP60078536,2023-06-02,38.0546
LP60078536,2023-06-05,38.0636
LP60078536,2023-06-06,38.2417
LP60078536,2023-06-07,38.0313
LP60078536,2023-06-08,38.0172
LP60078536,2023-06-09,38.1118
LP60078536,2023-06-12,38.4151
LP60078536,2023-06-13,38.5327
LP60078536,2023-06-14,38.4827
LP60078536,2023-06-15,38.6317
LP60078536,2023-06-16,38.5328
LP60078536,2023-06-19,38.4425
LP60078536,2023-06-20,38.3192
LP60078536,2023-06-21,37.9829
LP60078536,2023-06-22,38.0007
LP60078536,2023-06-23,37.9073
LP60078536,2023-06-26,37.7189
LP60078536,2023-06-27,37.9377
LP60078536,2023-06-28,38.1391
LP60078536,2023-06-29,38.3053
LP60078536,2023-06-30,38.6585
LP60078536,2023-07-03,38.743
LP60078536,2023-07-04,38.7554
LP60078536,2023-07-05,38.7339
LP60078536,2023-07-06,38.285
LP60078536,2023-07-07,37.9782
LP60078536,2023-07-10,37.9648
LP60078536,2023-07-11,38.21
LP60078536,2023-07-12,38.1978
LP60078536,2023-07-13,38.3616
LP60078536,2023-07-14,38.1761
LP60078536,2023-07-17,38.2594
LP60078536,2023-07-18,38.5068
LP60078536,2023-07-19,38.7523
LP60078536,2023-07-20,38.6524
LP60078536,2023-07-21,38.7575
LP60078536,2023-07-24,38.9887
LP60078536,2023-07-25,39.2165
LP60078536,2023-07-26,39.1381
LP60078536,2023-07-27,39.2659
LP60078536,2023-07-28,39.4135
LP60078536,2023-07-31,39.532
LP60078536,2023-08-01,39.4968
LP60078536,2023-08-02,39.0573
LP60078536,2023-08-03,38.9088
LP60078536,2023-08-04,38.5453
LP60078536,2023-08-07,38.8369
LP60078536,2023-08-08,38.8352
LP60078536,2023-08-09,38.553
LP60078536,2023-08-10,38.5504
LP60078536,2023-08-11,38.5604
LP60078536,2023-08-14,38.8557
LP60078536,2023-08-15,38.3619
LP60078536,2023-08-16,38.2051
LP60078536,2023-08-17,37.9417
LP60078536,2023-08-18,37.9616
LP60078536,2023-08-21,38.0642
LP60078536,2023-08-22,38.1764
LP60078536,2023-08-23,38.5648
LP60078536,2023-08-24,38.1786
LP60078536,2023-08-25,38.5039
LP60078536,2023-08-28,38.6898
LP60078536,2023-08-29,39.1324
LP60078536,2023-08-30,38.9892
LP60078536,2023-08-31,39.1943
LP60078536,2023-09-01,39.4086
LP60078536,2023-09-04,39.4979
LP60078536,2023-09-05,39.5609
LP60078536,2023-09-06,39.3289
LP60078536,2023-09-07,39.2294
LP60078536,2023-09-08,39.2172
LP60078536,2023-09-11,39.3775
LP60078536,2023-09-12,39.3169
LP60078536,2023-09-13,39.239
LP60078536,2023-09-14,39.8598
LP60078536,2023-09-15,39.5655
LP60078536,2023-09-18,39.468
LP60078536,2023-09-19,39.3489
LP60078536,2023-09-20,39.0461
LP60078536,2023-09-21,38.5922
LP60078536,2023-09-22,38.5168
LP60078536,2023-09-25,38.8069
LP60078536,2023-09-26,38.315
LP60078536,2023-09-27,38.525
LP60078536,2023-09-28,38.5637
LP60078536,2023-09-29,38.4396
LP60078536,2023-10-02,38.5965
LP60078536,2023-10-03,38.1279
LP60078536,2023-10-04,38.2154
LP60078536,2023-10-05,38.1568
LP60078536,2023-10-06,38.5208
LP60078536,2023-10-09,38.6775
LP60078536,2023-10-10,38.8808
LP60078536,2023-10-11,38.9419
LP60078536,2023-10-12,38.9864
LP60078536,2023-10-13,38.8812
LP60078536,2023-10-16,39.0254
LP60078536,2023-10-17,38.9704
LP60078536,2023-10-18,38.6133
LP60078536,2023-10-19,38.1323
LP60078536,2023-10-20,37.6163
LP60078536,2023-10-23,37.4115
LP60078536,2023-10-24,37.7243
LP60078536,2023-10-25,37.3683
LP60078536,2023-10-26,37.1006
LP60078536,2023-10-27,36.854
LP60078536,2023-10-30,37.0589
LP60078536,2023-10-31,37.3846
LP60078536,2023-11-01,37.8937
LP60078536,2023-11-02,38.3452
LP60078536,2023-11-03,38.3691
LP60078536,2023-11-06,38.387
LP60078536,2023-11-07,38.574
LP60078536,2023-11-08,38.5111
LP60078536,2023-11-09,38.359
LP60078536,2023-11-10,38.8152
LP60078536,2023-11-13,38.7961
LP60078536,2023-11-14,39.0499
LP60078536,2023-11-15,39.1082
LP60078536,2023-11-16,39.0456
LP60078536,2023-11-17,39.1715
LP60078536,2023-11-20,39.2468
LP60078536,2023-11-21,39.1999
LP60078536,2023-11-22,39.5102
LP60078536,2023-11-23,39.4066
LP60078536,2023-11-24,39.3837
LP60078536,2023-11-27,39.323
LP60078536,2023-11-28,39.2072
LP60078536,2023-11-29,39.2496
LP60078536,2023-11-30,39.6133
LP60078536,2023-12-01,40.1176
LP60078536,2023-12-04,40.0067
LP60078536,2023-12-05,40.0008
LP60078536,2023-12-06,40.046
LP60078536,2023-12-07,40.2718
LP60078536,2023-12-08,40.4611
LP60078536,2023-12-11,40.6737
LP60078536,2023-12-12,40.6813
LP60078536,2023-12-13,41.0769
LP60078536,2023-12-14,40.6963
LP60078536,2023-12-15,40.9549
LP60078536,2023-12-18,41.0246
LP60078536,2023-12-19,41.0453
LP60078536,2023-12-20,40.6818
LP60078536,2023-12-21,40.9281
LP60078536,2023-12-22,40.9377
LP60078536,2023-12-25,40.9377
LP60078536,2023-12-26,41.0198
LP60078536,2023-12-27,40.9021
LP60078536,2023-12-28,40.9372
LP60078536,2023-12-29,41.0417
LP60078536,2024-01-01,41.0417
LP60078536,2024-01-02,41.1212
LP60078536,2024-01-03,40.8753
LP60078536,2024-01-04,40.6691
LP60078536,2024-01-05,40.6686
LP60078536,2024-01-08,41.1254
LP60078536,2024-01-09,41.2433
LP60078536,2024-01-10,41.2473
LP60078536,2024-01-11,41.2727
LP60078536,2024-01-12,41.3456
LP60078536,2024-01-15,41.3606
LP60078536,2024-01-16,41.391
LP60078536,2024-01-17,41.1576
LP60078536,2024-01-18,41.4522
LP60078536,2024-01-19,41.7556
LP60078536,2024-01-22,41.9275
LP60078536,2024-01-23,42.1566
LP60078536,2024-01-24,42.0571
LP60078536,2024-01-25,42.4497
LP60078536,2024-01-26,42.3756
LP60078536,2024-01-29,42.8929
LP60078536,2024-01-30,42.75
LP60078536,2024-01-31,42.2336
LP60078536,2024-02-01,42.6507
LP60078536,2024-02-02,43.0564
LP60078536,2024-02-05,43.1536
LP60078536,2024-02-06,43.2266
LP60078536,2024-02-07,43.446
LP60078536,2024-02-08,43.4444
LP60078536,2024-02-09,43.5523
LP60078536,2024-02-12,43.6232
LP60078536,2024-02-13,43.2863
LP60078536,2024-02-14,43.6146
LP60078536,2024-02-15,43.7761
LP60078536,2024-02-16,43.6795
LP60078536,2024-02-19,43.7184
LP60078536,2024-02-20,43.3279
LP60078536,2024-02-21,43.3737
LP60078536,2024-02-22,44.1225
LP60078536,2024-02-23,44.134
LP60078536,2024-02-26,43.9033
LP60078536,2024-02-27,44.0007
LP60078536,2024-02-28,43.9374
LP60078536,2024-02-29,44.2107
LP60078536,2024-03-01,44.5137
LP60078536,2024-03-04,44.3759
LP60078536,2024-03-05,43.9913
LP60078536,2024-03-06,44.1087
LP60078536,2024-03-07,44.5076
LP60078536,2024-03-08,44.2176
LP60078536,2024-03-11,44.1774
LP60078536,2024-03-12,44.613
LP60078536,2024-03-13,44.4964
LP60078536,2024-03-14,44.5774
LP60078536,2024-03-15,44.323
LP60078536,2024-03-18,44.5431
LP60078536,2024-03-19,44.8197
LP60078536,2024-03-20,45.1301
LP60078536,2024-03-21,45.3665
LP60078536,2024-03-22,45.4699
LP60078536,2024-03-25,45.2792
LP60078536,2024-03-26,45.2393
LP60078536,2024-03-27,45.5787
LP60078536,2024-03-28,45.6881
LP60078536,2024-03-29,45.6881
LP60078536,2024-04-01,45.765
LP60078536,2024-04-02,45.3904
LP60078536,2024-04-03,45.237
LP60078536,2024-04-04,44.7649
LP60078536,2024-04-05,45.1627
LP60078536,2024-04-08,45.1014
LP60078536,2024-04-09,45.1316
LP60078536,2024-04-10,45.1362
LP60078536,2024-04-11,45.4949
LP60078536,2024-04-12,45.3034
LP60078536,2024-04-15,44.8464
LP60078536,2024-04-16,44.5515
LP60078536,2024-04-17,44.3144
LP60078536,2024-04-18,44.2234
LP60078536,2024-04-19,43.8348
LP60078536,2024-04-22,44.3037
LP60078536,2024-04-23,44.6312
LP60078536,2024-04-24,44.6835
LP60078536,2024-04-25,44.3604
LP60078536,2024-04-26,44.8863
LP60078536,2024-04-29,44.9121
LP60078536,2024-04-30,44.4445
LP60078536,2024-05-01,44.3318
LP60078536,2024-05-02,44.6905
LP60078536,2024-05-03,44.8946
LP60078536,2024-05-06,45.2397
LP60078536,2024-05-07,45.3953
LP60078536,2024-05-08,45.4371
LP60078536,2024-05-09,45.5475
LP60078536,2024-05-10,45.7227
LP60078536,2024-05-13,45.5777
LP60078536,2024-05-14,45.6788
LP60078536,2024-05-15,46.0456
LP60078536,2024-05-16,45.9501
LP60078536,2024-05-17,46.0067
LP60078536,2024-05-20,46.098
LP60078536,2024-05-21,46.161
LP60078536,2024-05-22,46.0821
LP60078536,2024-05-23,45.8561
LP60078536,2024-05-24,45.988
LP60078536,2024-05-27,46.016
LP60078536,2024-05-28,45.9053
LP60078536,2024-05-29,45.704
LP60078536,2024-05-30,45.4884
LP60078536,2024-05-31,45.7355
LP60078536,2024-06-03,45.7878
LP60078536,2024-06-04,45.7551
LP60078536,2024-06-05,46.206
LP60078536,2024-06-06,46.2451
LP60078536,2024-06-07,46.3851
LP60078536,2024-06-10,46.7698
LP60078536,2024-06-11,46.7893
LP60078536,2024-06-12,46.7366
LP60078536,2024-06-13,46.9089
LP60078536,2024-06-14,47.1171
LP60078536,2024-06-17,47.2113
LP60078536,2024-06-18,47.307
LP60078536,2024-06-19,47.2773
LP60078536,2024-06-20,47.3391
LP60078536,2024-06-21,47.3622
LP60078536,2024-06-24,47.1673
LP60078536,2024-06-25,47.4533
LP60078536,2024-06-26,47.5325
LP60078536,2024-06-27,47.4203
LP60078536,2024-06-28,47.2684
LP60078536,2024-07-01,47.329
LP60078536,2024-07-02,47.5048
LP60078536,2024-07-03,47.5652
LP60078536,2024-07-04,47.6454
LP60078536,2024-07-05,47.7276
LP60078536,2024-07-08,47.7104
LP60078536,2024-07-09,47.7465
LP60078536,2024-07-10,48.1676
LP60078536,2024-07-11,47.8307
LP60078536,2024-07-12,47.9794
LP60078536,2024-07-15,47.9754
LP60078536,2024-07-16,48.3204
LP60078536,2024-07-17,47.6195
LP60078536,2024-07-18,47.3272
LP60078536,2024-07-19,47.091
LP60078536,2024-07-22,47.5243
LP60078536,2024-07-23,47.6464
LP60078536,2024-07-24,46.7464
LP60078536,2024-07-25,46.4061
LP60078536,2024-07-26,46.8474
LP60078536,2024-07-29,47.0532
LP60078536,2024-07-30,46.9392
LP60078536,2024-07-31,47.6345
LP60078536,2024-08-01,47.0474
LP60078536,2024-08-02,45.5737
LP60078536,2024-08-05,43.9434
LP60078536,2024-08-06,44.6312
LP60078536,2024-08-07,44.5245
LP60078536,2024-08-08,45.3873
LP60078536,2024-08-09,45.5667
LP60078536,2024-08-12,45.5165
LP60078536,2024-08-13,46.1476
LP60078536,2024-08-14,46.0864
LP60078536,2024-08-15,46.9169
LP60078536,2024-08-16,47.1021
LP60078536,2024-08-19,47.2355
LP60078536,2024-08-20,47.0045
LP60078536,2024-08-21,47.1433
LP60078536,2024-08-22,46.8922
LP60078536,2024-08-23,47.1644
LP60078536,2024-08-26,47.0752
LP60078536,2024-08-27,47.1882
LP60078536,2024-08-28,47.1345
LP60078536,2024-08-29,47.4029
LP60078536,2024-08-30,47.7922
LP60078536,2024-09-02,47.7673
LP60078536,2024-09-03,47.0507
LP60078536,2024-09-04,46.6419
LP60078536,2024-09-05,46.5347
LP60078536,2024-09-06,45.7287
LP60078536,2024-09-09,46.4163
LP60078536,2024-09-10,46.596
LP60078536,2024-09-11,46.9795
LP60078536,2024-09-12,47.2833
LP60078536,2024-09-13,47.3868
LP60078536,2024-09-16,47.3182
LP60078536,2024-09-17,47.3142
LP60078536,2024-09-18,47.2015
LP60078536,2024-09-19,47.9343
LP60078536,2024-09-20,47.7093
LP60078536,2024-09-23,47.9058
LP60078536,2024-09-24,48.0063
LP60078536,2024-09-25,47.834
LP60078536,2024-09-26,48.1751
LP60078536,2024-09-27,48.2321
LP60078536,2024-09-30,48.2597
LP60078536,2024-10-01,48.2462
LP60078536,2024-10-02,48.3256
LP60078536,2024-10-03,48.2725
LP60078536,2024-10-04,48.7848
LP60078536,2024-10-07,48.4982
LP60078536,2024-10-08,48.7265
LP60078536,2024-10-09,49.1161
LP60078536,2024-10-10,49.1615
LP60078536,2024-10-11,49.3476
LP60078536,2024-10-14,49.7641
LP60078536,2024-10-15,49.4883
LP60078536,2024-10-16,49.6879
LP60078536,2024-10-17,49.959
LP60078536,2024-10-18,50.0271
LP60078536,2024-10-21,49.961
LP60078536,2024-10-22,49.9566
LP60078536,2024-10-23,49.6656
LP60078536,2024-10-24,49.692
LP60078536,2024-10-25,49.5179
LP60078536,2024-10-28,49.7212
LP60078536,2024-10-29,49.8551
LP60078536,2024-10-30,49.4054
LP60078536,2024-10-31,48.625
LP60078536,2024-11-01,48.8312
LP60078536,2024-11-04,48.5563
LP60078536,2024-11-05,49.0321
LP60078536,2024-11-06,50.5754
LP60078536,2024-11-07,50.7074
LP60078536,2024-11-08,51.0629
LP60078536,2024-11-11,51.6023
LP60078536,2024-11-12,51.4907
LP60078536,2024-11-13,51.5058
LP60078536,2024-11-14,51.3762
LP60078536,2024-11-15,51.0061
LP60078536,2024-11-18,51.032
LP60078536,2024-11-19,51.1574
LP60078536,2024-11-20,51.394
LP60078536,2024-11-21,51.7311
LP60078536,2024-11-22,52.4071
LP60078536,2024-11-25,52.2336
LP60078536,2024-11-26,52.3804
LP60078536,2024-11-27,51.911
LP60078536,2024-11-28,52.0186
LP60078536,2024-11-29,52.2662
LP60078536,2024-12-02,52.8324
LP60078536,2024-12-03,52.7692
LP60078536,2024-12-04,52.979
LP60078536,2024-12-05,52.7435
LP60078536,2024-12-06,52.8862
LP60078536,2024-12-09,52.5098
LP60078536,2024-12-10,52.6594
LP60078536,2024-12-11,53.089
LP60078536,2024-12-12,52.9425
LP60078536,2024-12-13,52.7489
LP60078536,2024-12-16,52.7969
LP60078536,2024-12-17,52.6315
LP60078536,2024-12-18,51.4985
LP60078536,2024-12-19,51.6207
LP60078536,2024-12-20,51.9042
LP60078536,2024-12-23,52.2472
LP60078536,2024-12-24,52.6966
LP60078536,2024-12-25,52.6966
LP60078536,2024-12-26,52.621
LP60078536,2024-12-27,52.2386
LP60078536,2024-12-30,51.9412
LP60078536,2024-12-31,51.917
LP60078536,2025-01-01,51.917
LP60078536,2025-01-02,52.2511
LP60078536,2025-01-03,52.6719
LP60078536,2025-01-06,52.4991
LP60078536,2025-01-07,52.1946
LP60078536,2025-01-08,52.5399
LP60078536,2025-01-09,52.5446
LP60078536,2025-01-10,52.07
LP60078536,2025-01-13,52.2643
LP60078536,2025-01-14,51.8753
LP60078536,2025-01-15,52.6956
LP60078536,2025-01-16,52.756
LP60078536,2025-01-17,53.1905
LP60078536,2025-01-20,52.8297
LP60078536,2025-01-21,53.2312
LP60078536,2025-01-22,53.42
LP60078536,2025-01-23,53.7895
LP60078536,2025-01-24,53.1839
LP60078536,2025-01-27,52.6752
LP60078536,2025-01-28,53.376
LP60078536,2025-01-29,53.2899
LP60078536,2025-01-30,53.5802
LP60078536,2025-01-31,53.5262
LP60078536,2025-02-03,53.3904
LP60078536,2025-02-04,53.4677
LP60078536,2025-02-05,53.5682
LP60078536,2025-02-06,54.0522
LP60078536,2025-02-07,53.7459
LP60078536,2025-02-10,54.2273
LP60078536,2025-02-11,54.0794
LP60078536,2025-02-12,53.8181
LP60078536,2025-02-13,54.1512
LP60078536,2025-02-14,53.8392
LP60078536,2025-02-17,54.0343
LP60078536,2025-02-18,54.2217
LP60078536,2025-02-19,54.3939
LP60078536,2025-02-20,53.9574
LP60078536,2025-02-21,53.357
LP60078536,2025-02-24,53.0789
LP60078536,2025-02-25,52.7416
LP60078536,2025-02-26,52.7925
LP60078536,2025-02-27,52.5206
LP60078536,2025-02-28,53.1182
LP60078536,2025-03-03,52.2057
LP60078536,2025-03-04,51.3684
LP60078536,2025-03-05,50.9558
LP60078536,2025-03-06,50.0812
LP60078536,2025-03-07,49.9759
LP60078536,2025-03-10,48.94
LP60078536,2025-03-11,48.166
LP60078536,2025-03-12,48.4534
LP60078536,2025-03-13,48.1629
LP60078536,2025-03-14,48.9862
LP60078536,2025-03-17,49.1872
LP60078536,2025-03-18,48.8361
LP60078536,2025-03-19,49.4523
LP60078536,2025-03-20,49.4804
LP60078536,2025-03-21,49.609
LP60078536,2025-03-24,50.2954
LP60078536,2025-03-25,50.4161
LP60078536,2025-03-26,49.9966
LP60078536,2025-03-27,49.757
LP60078536,2025-03-28,48.8446
LP60078536,2025-03-31,48.8631
LP60078536,2025-04-01,49.1084
LP60078536,2025-04-02,49.1563
LP60078536,2025-04-03,46.2233
LP60078536,2025-04-04,44.042
LP60078536,2025-04-07,43.5159
LP60078536,2025-04-08,43.3952
LP60078536,2025-04-09,45.669
LP60078536,2025-04-10,44.5636
LP60078536,2025-04-11,44.5568
LP60078536,2025-04-14,44.9924
LP60078536,2025-04-15,45.2647
LP60078536,2025-04-16,44.354
LP60078536,2025-04-17,44.5522
LP60078536,2025-04-18,44.5522
LP60078536,2025-04-21,43.3497
LP60078536,2025-04-22,44.2474
LP60078536,2025-04-23,45.388
LP60078536,2025-04-24,46.0449
LP60078536,2025-04-25,46.3559
LP60078536,2025-04-28,46.4435
LP60078536,2025-04-29,46.6669
LP60078536,2025-04-30,46.8402
LP60078536,2025-05-01,47.3054
LP60078536,2025-05-02,47.7259
LP60078536,2025-05-05,47.6382
LP60078536,2025-05-06,47.3674
LP60078536,2025-05-07,47.3977
LP60078536,2025-05-08,47.9165
LP60078536,2025-05-09,48.0126
LP60078536,2025-05-12,49.773
LP60078536,2025-05-13,49.9354
LP60078536,2025-05-14,49.8112
LP60078536,2025-05-15,50.0931
LP60078536,2025-05-16,50.5173
LP60078536,2025-05-19,50.2373
LP60078536,2025-05-20,50.118
LP60078536,2025-05-21,49.2824
LP60078536,2025-05-22,49.411
LP60078536,2025-05-23,48.9249
LP60078536,2025-05-26,48.8986
LP60078536,2025-05-27,49.797
LP60078536,2025-05-28,49.6668
LP60078536,2025-05-29,49.6775
LP60078536,2025-05-30,49.6864
LP60078536,2025-06-02,49.5579
LP60078536,2025-06-03,49.9137
LP60078536,2025-06-04,49.8567
LP60078536,2025-06-05,49.573
LP60078536,2025-06-06,50.1955
LP60078536,2025-06-09,50.169
LP60078536,2025-06-10,50.2948
LP60078536,2025-06-11,49.9765
LP60078536,2025-06-12,49.7367
LP60078536,2025-06-13,49.3568
LP60078536,2025-06-16,49.5979
LP60078536,2025-06-17,49.4443
LP60078536,2025-06-18,49.4949
LP60078536,2025-06-19,49.5121
LP60078536,2025-06-20,49.2447
LP60078536,2025-06-23,49.4858
LP60078536,2025-06-24,49.7714
LP60078536,2025-06-25,49.6573
LP60078536,2025-06-26,49.7182
LP60078536,2025-06-27,49.9881
LP60078536,2025-06-30,50.1201
LP60078536,2025-07-01,49.8923
LP60078536,2025-07-02,50.1217
LP60078536,2025-07-03,50.5221
LP60078536,2025-07-04,50.3908
LP60078536,2025-07-07,50.2348
LP60078536,2025-07-08,50.3673
LP60078536,2025-07-09,50.5937
LP60078536,2025-07-10,50.8505
LP60078536,2025-07-11,50.5791
LP60078536,2025-07-14,50.6802
LP60078536,2025-07-15,50.7119
LP60078536,2025-07-16,50.8634
LP60078536,2025-07-17,51.2152
LP60078536,2025-07-18,51.0158
LP60078536,2025-07-21,50.8807
LP60078536,2025-07-22,50.8028
LP60078536,2025-07-23,51.2592
LP60078536,2025-07-24,51.231
LP60078536,2025-07-25,51.429
LP60078536,2025-07-28,51.7346
LP60078536,2025-07-29,52.0489
LP60078536,2025-07-30,52.1466
LP60078536,2025-07-31,52.056
LP60078536,2025-08-01,50.8929
LP60078536,2025-08-04,51.4817
LP60078536,2025-08-05,51.3571
LP60078536,2025-08-06,51.4667
LP60078536,2025-08-07,51.5495
LP60078536,2025-08-08,51.7465
LP60078536,2025-08-11,51.8585
LP60078536,2025-08-12,52.1298
LP60078536,2025-08-13,52.1277
LP60078536,2025-08-14,52.3506
LP60078536,2025-08-15,52.1357
LP60078536,2025-08-18,52.301
LP60078536,2025-08-19,52.0716
LP60078536,2025-08-20,52.0387
LP60078536,2025-08-21,52.0407
LP60078536,2025-08-22,52.3487
LP60078536,2025-08-25,52.235
LP60078536,2025-08-26,52.4417
LP60078536,2025-08-27,52.7634
LP60078536,2025-08-28,52.6557
LP60078536,2025-08-29,52.2236
LP60078536,2025-09-01,52.1902
LP60078536,2025-09-02,51.9853
LP60078536,2025-09-03,52.1787
LP60078536,2025-09-04,52.6919
LP60078536,2025-09-05,52.2659
LP60078536,2025-09-08,52.3934
LP60078536,2025-09-09,52.5631
LP60078536,2025-09-10,52.7133
LP60078536,2025-09-11,53.1054
LP60078536,2025-09-12,53.0789
LP60078536,2025-09-15,53.2017
LP60078536,2025-09-16,52.7383
LP60078536,2025-09-17,52.6868
LP60078536,2025-09-18,53.2012
LP60078536,2025-09-19,53.461
LP60078536,2025-09-22,53.5907
LP60078536,2025-09-23,53.2889
LP60078536,2025-09-24,53.3238
LP60078536,2025-09-25,53.3167
LP60078536,2025-09-26,53.5486
LP60078536,2025-09-29,53.5495
LP60078536,2025-09-30,53.6902
LP60078536,2025-10-01,53.917
LP60078536,2025-10-02,54.1232
LP60078536,2025-10-03,54.1239
LP60078536,2025-10-06,54.4182
LP60078536,2025-10-07,54.407
LP60078536,2025-10-08,54.8684
LP60078536,2025-10-09,54.8744
LP60078536,2025-10-10,53.6195
LP60078536,2025-10-13,54.3165
LP60078536,2025-10-14,54.0592
LP60078536,2025-10-15,54.2326
LP60078536,2025-10-16,53.86
LP60078536,2025-10-17,53.9593
LP60078536,2025-10-20,54.6423
LP60078536,2025-10-21,54.821
LP60078536,2025-10-22,54.5478
LP60078536,2025-10-23,54.8029
LP60078536,2025-10-24,55.0963
LP60078536,2025-10-27,55.6487
LP60078536,2025-10-28,55.6323
LP60078536,2025-10-29,55.59
LP60078536,2025-10-30,55.5233
LP60078536,2025-10-31,55.746
LP60078536,2025-11-03,55.8893
LP60078536,2025-11-04,55.4425
LP60078536,2025-11-05,55.6248
LP60078536,2025-11-06,54.9119
LP60078536,2025-11-07,54.7801
LP60078536,2025-11-10,55.6656
LP60078536,2025-11-11,55.683
LP60078536,2025-11-12,55.8202
LP60078536,2025-11-13,54.8853
LP60078536,2025-11-14,54.8426
LP60078536,2025-11-17,54.4325
LP60078536,2025-11-18,53.9048
LP60078536,2025-11-19,54.1511
LP60078536,2025-11-20,53.6569
LP60078536,2025-11-21,54.099
LP60078536,2025-11-24,54.6521
LP60078536,2025-11-25,54.9853
LP60078536,2025-11-26,55.3365
LP60078536,2025-11-27,55.3512
LP60078536,2025-11-28,55.5921
LP60078536,2025-12-01,55.2255
LP60078536,2025-12-02,55.4337
LP60078536,2025-12-03,55.3839
LP60078536,2025-12-04,55.5292
LP60078536,2025-12-05,55.6579
LP60078536,2025-12-08,55.5977
LP60078536,2025-12-09,55.5171
LP60078536,2025-12-10,55.7667
LP60078536,2025-12-11,55.4653
LP60078536,2025-12-12,55.0975
LP60078536,2025-12-15,54.9998
LP60078536,2025-12-16,54.7685
LP60078536,2025-12-17,54.3317
LP60078536,2025-12-18,54.84
LP60078536,2025-12-19,55.3139
LP60078536,2025-12-22,55.4225
LP60078536,2025-12-23,55.6347
LP60078536,2025-12-24,55.7455
LP60078536,2025-12-25,55.7455
LP60078536,2025-12-26,55.7409
LP60078536,2025-12-29,55.6451
LP60078536,2025-12-30,55.6496
LP60078536,2025-12-31,55.371
LP60078536,2026-01-01,55.371
LP60078536,2026-01-02,55.5254
LP60078536,2026-01-05,56.1578
LP60078536,2026-01-06,56.5604
LP60078536,2026-01-07,56.3859
LP60078536,2026-01-08,56.4234
LP60078536,2026-01-09,56.8805
LP60078536,2026-01-12,56.8314
LP60078536,2026-01-13,56.94
LP60078536,2026-01-14,56.7674
LP60078536,2026-01-15,57.1696
LP60078536,2026-01-16,57.17
LP60078536,2026-01-19,56.8754
LP60078536,2026-01-20,55.5575
LP60078536,2026-01-21,56.0767
LP60078536,2026-01-22,56.3076
LP60078536,2026-01-23,56.2591
LP60078536,2026-01-26,55.9667
LP60078536,2026-01-27,56.026
LP60078536,2026-01-28,55.9651
LP60078536,2026-01-29,55.9551
LP60078536,2026-01-30,55.8811
LP60078536,2026-02-02,56.5173
LP60078536,2026-02-03,56.2247
LP60078536,2026-02-04,56.0818
LP60078536,2026-02-05,55.4383
LP60078536,2026-02-06,56.2689
LP60078536,2026-02-09,56.3476
LP60078536,2026-02-10,56.3348
LP60078536,2026-02-11,56.5727
LP60078536,2026-02-12,55.8031
LP60078536,2026-02-13,55.9012
LP60078536,2026-02-16,55.8567
LP60078536,2026-02-17,56.0641
LP60078536,2026-02-18,56.4333
LP60078536,2026-02-19,56.5635
LP60078536,2026-02-20,56.7814
LP60078536,2026-02-23,56.2724
LP60078536,2026-02-24,56.6649
LP60078536,2026-02-25,57.0018
LP60078536,2026-02-26,56.8646
LP60078536,2026-02-27,56.7134
LP60078536,2026-03-02,57.0268
LP60078536,2026-03-03,56.5922
LP60078536,2026-03-04,56.6595
LP60078536,2026-03-05,56.5754
LP60078536,2026-03-06,55.9424
LP60078536,2026-03-09,56.0165
LP60078536,2026-03-10,56.0192
LP60078536,2026-03-11,56.2591
LP60078536,2026-03-12,55.6768
LP60078536,2026-03-13,55.6362
LP60078536,2026-03-16,55.9529
LP60078536,2026-03-17,55.9922
LP60078536,2026-03-18,55.4621
LP60078536,2026-03-19,55.0221
LP60078536,2026-03-20,54.0708
LP60078536,2026-03-23,54.3237
LP60078536,2026-03-24,54.2966
LP60078536,2026-03-25,54.7995
LP60078536,2026-03-26,54.0679
LP60078536,2026-03-27,53.3977
LP60078536,2026-03-30,53.4592
LP60078536,2026-03-31,54.4117
LP60078536,2026-04-01,54.7437
LP60078536,2026-04-02,54.9853
LP60078536,2026-04-03,54.9853
LP60078536,2026-04-06,55.2301
LP60078536,2026-04-07,55.0656
LP60078536,2026-04-08,56.1358
LP60078536,2026-04-09,56.3456
LP60078536,2026-04-10,56.184
LP60078536,2026-04-13,56.6468
LP60078536,2026-04-14,56.9219
LP60078536,2026-04-15,57.2821
LP60078536,2026-04-16,57.511
LP60078536,2026-04-17,57.9866
LP60078536,2026-04-20,58.0185
LP60078536,2026-04-21,57.7031
LP60078536,2026-04-22,58.2113
LP60078536,2026-04-23,58.0452
LP60078536,2026-04-24,58.3253
LP60078536,2026-04-27,58.2505
LP60078536,2026-04-28,58.1148
LP60078536,2026-04-29,58.0327
LP60078536,2026-04-30,58.5679
LP60078536,2026-05-01,58.5548
LP60078536,2026-05-04,58.5142
LP60078536,2026-05-05,58.9098
LP60078536,2026-05-06,59.622
LP60078536,2026-05-07,59.3589
LP60078536,2026-05-08,59.5896
LP60078536,2026-05-11,59.6763
LP60078536,2026-05-12,59.7204
LP60078536,2026-05-13,60.2002
LP60078536,2026-05-14,60.7154
LP60078536,2026-05-15,60.162
LP60078536,2026-05-18,60.0949
LP60078536,2026-05-19,60.0437
LP60078536,2026-05-20,60.5523
LP60078536,2026-05-21,60.8333
LP60078536,2026-05-22,61.1139
LP60078536,2026-05-25,61.1079
LP60078536,2026-05-26,61.3642
LP60078536,2026-05-27,61.3154
LP60078536,2026-05-28,61.4319
LP60078536,2026-05-29,61.5576
LP60078536,2026-06-01,61.7963
LP60078536,2026-06-02,61.8813
LP60078536,2026-06-03,61.6505
LP60078536,2026-06-04,61.7883
LP60078536,2026-06-05,60.7703
LP60078536,2026-06-08,60.8683
LP60078536,2026-06-09,60.6676
LP60078536,2026-06-10,59.8795
LP60078536,2026-06-11,60.8937
LP60078536,2026-06-12,61.1113
LP60078536,2026-06-15,61.9272
LP60078536,2026-06-16,61.6584
LP60078536,2026-06-17,61.2663
LP60078536,2026-06-18,62.1925
LP60078536,2026-06-19,62.1951
LP60078536,2026-06-22,62.2488
LP60078536,2026-06-23,61.6992
LP60078536,2026-06-24,61.8075
LP60078536,2026-06-25,61.7458
LP60078536,2026-06-26,61.5222
LP60078536,2026-06-29,61.9761
LP60078536,2026-06-30,62.3698
LP60078536,2026-07-01,62.4408
LP60078536,2026-07-02,62.4114
LP60078536,2026-07-03,62.5479
LP60078536,2026-07-06,62.982
LP60078536,2026-07-07,62.612
LP60078536,2026-07-08,62.3476
LP60078536,2026-07-09,62.7241
LP60078536,2026-07-10,62.9919
LP60078536,2026-07-13,62.6817
LP60078536,2026-07-14,62.746
LP60078536,2026-07-15,63.032
LP60078536,2026-07-16,62.7095
LP60078536,2026-07-17,62.1226
LP60078536,2026-07-20,62.1171
LP60078536,2026-07-21,62.6784
LP60078536,2026-07-22,62.666
LP60078536,2026-07-23,62.1751
LP60078536,2026-07-24,62.2156
LP60078536,2026-07-27,62.346
LP60078536,2026-07-28,62.322
LP60078536,2026-07-29,61.6214
LP60078536,2026-07-30,61.9684
LP60078536,2026-07-31,62.2938
LP60078536,2026-08-03,62.9842
LP60078536,2026-08-04,63.8575
LP60078536,2026-08-05,63.7575
LP60078536,2026-08-06,63.7656
LP60078536,2026-08-07,64.0925
LP60078536,2026-08-10,64.0973
LP60078536,2026-08-11,64.001
LP60078536,2026-08-12,64.1674
LP60078536,2026-08-13,64.4892
LP60078536,2026-08-14,64.2334
LP60078536,2026-08-17,63.9302
LP60078536,2026-08-18,63.4908
LP60078536,2026-08-19,63.1094
LP60078536,2026-08-20,62.645
LP60078536,2026-08-21,62.9883
LP60078536,2026-08-24,62.8762
LP60078536,2026-08-25,63.0853
LP60078536,2026-08-26,63.171
LP60078536,2026-08-27,63.4382
LP60078536,2026-08-28,63.4824
LP60078536,2026-08-31,63.279
LP60078536,2026-09-01,62.9494
LP60078536,2026-09-02,63.1072
LP60078536,2026-09-03,63.7011
LP60078536,2026-09-04,63.5435
LP60078536,2026-09-07,63.5597
LP60078536,2026-09-08,63.1993
LP60078536,2026-09-09,62.7585
LP60078536,2026-09-10,62.4444
LP60078536,2026-09-11,62.9272
LP60078536,2026-09-14,63.0002
LP60078536,2026-09-15,62.6788
LP60078536,2026-09-16,62.5699
LP60078536,2026-09-17,63.4454
LP60078536,2026-09-18,63.473
LP60078536,2026-09-21,64.24
LP60078536,2026-09-22,64.4176
LP60078536,2026-09-23,64.1391
LP60078536,2026-09-24,64.1685
LP60078536,2026-09-25,64.3874
LP60078536,2026-09-28,64.1743
LP60078536,2026-09-29,64.1256
LP65159144,2023-01-02,1.292705
LP65159144,2023-01-03,1.309513
LP65159144,2023-01-04,1.315136
LP65159144,2023-01-05,1.321909
LP65159144,2023-01-06,1.321909
LP65159144,2023-01-09,1.34603
LP65159144,2023-01-10,1.348689
LP65159144,2023-01-11,1.355875
LP65159144,2023-01-12,1.367394
LP65159144,2023-01-13,1.380547
LP65159144,2023-01-16,1.380547
LP65159144,2023-01-17,1.391128
LP65159144,2023-01-18,1.395362
LP65159144,2023-01-19,1.389035
LP65159144,2023-01-20,1.399498
LP65159144,2023-01-23,1.399498
LP65159144,2023-01-24,1.39916
LP65159144,2023-01-25,1.393535
LP65159144,2023-01-26,1.401156
LP65159144,2023-01-27,1.412369
LP65159144,2023-01-30,1.398595
LP65159144,2023-01-31,1.402632
LP65159144,2023-02-01,1.415227
LP65159144,2023-02-02,1.415768
LP65159144,2023-02-03,1.415267
LP65159144,2023-02-06,1.408997
LP65159144,2023-02-07,1.417883
LP65159144,2023-02-08,1.423492
LP65159144,2023-02-09,1.42174
LP65159144,2023-02-10,1.428533
LP65159144,2023-02-13,1.429971
LP65159144,2023-02-14,1.42943
LP65159144,2023-02-15,1.429644
LP65159144,2023-02-16,1.425722
LP65159144,2023-02-17,1.416434
LP65159144,2023-02-20,1.419806
LP65159144,2023-02-21,1.417868
LP65159144,2023-02-22,1.406022
LP65159144,2023-02-23,1.422933
LP65159144,2023-02-24,1.427223
LP65159144,2023-02-27,1.437585
LP65159144,2023-02-28,1.431589
LP65159144,2023-03-01,1.422412
LP65159144,2023-03-02,1.421414
LP65159144,2023-03-03,1.440679
LP65159144,2023-03-06,1.434017
LP65159144,2023-03-07,1.423629
LP65159144,2023-03-08,1.428211
LP65159144,2023-03-09,1.410569
LP65159144,2023-03-10,1.39661
LP65159144,2023-03-13,1.363303
LP65159144,2023-03-14,1.375055
LP65159144,2023-03-15,1.333025
LP65159144,2023-03-16,1.325314
LP65159144,2023-03-17,1.31118
LP65159144,2023-03-20,1.31118
LP65159144,2023-03-21,1.334614
LP65159144,2023-03-22,1.330899
LP65159144,2023-03-23,1.326236
LP65159144,2023-03-24,1.311362
LP65159144,2023-03-27,1.320077
LP65159144,2023-03-28,1.330423
LP65159144,2023-03-29,1.342531
LP65159144,2023-03-30,1.356574
LP65159144,2023-03-31,1.360428
LP65159144,2023-04-03,1.380041
LP65159144,2023-04-04,1.374484
LP65159144,2023-04-05,1.362401
LP65159144,2023-04-06,1.362401
LP65159144,2023-04-07,1.362401
LP65159144,2023-04-10,1.368094
LP65159144,2023-04-11,1.370408
LP65159144,2023-04-12,1.369491
LP65159144,2023-04-13,1.378447
LP65159144,2023-04-14,1.378506
LP65159144,2023-04-17,1.37912
LP65159144,2023-04-18,1.380712
LP65159144,2023-04-19,1.370792
LP65159144,2023-04-20,1.353894
LP65159144,2023-04-21,1.354897
LP65159144,2023-04-24,1.353518
LP65159144,2023-04-25,1.343698
LP65159144,2023-04-26,1.337267
LP65159144,2023-04-27,1.351839
LP65159144,2023-04-28,1.363105
LP65159144,2023-05-01,1.363105
LP65159144,2023-05-02,1.363105
LP65159144,2023-05-03,1.342477
LP65159144,2023-05-04,1.334133
LP65159144,2023-05-05,1.355445
LP65159144,2023-05-08,1.355445
LP65159144,2023-05-09,1.370267
LP65159144,2023-05-10,1.366783
LP65159144,2023-05-11,1.357884
LP65159144,2023-05-12,1.36438
LP65159144,2023-05-15,1.36438
LP65159144,2023-05-16,1.353671
LP65159144,2023-05-17,1.353671
LP65159144,2023-05-18,1.353671
LP65159144,2023-05-19,1.365913
LP65159144,2023-05-22,1.365663
LP65159144,2023-05-23,1.3689
LP65159144,2023-05-24,1.350217
LP65159144,2023-05-25,1.333727
LP65159144,2023-05-26,1.342705
LP65159144,2023-05-29,1.342705
LP65159144,2023-05-30,1.330612
LP65159144,2023-05-31,1.314794
LP65159144,2023-06-01,1.321613
LP65159144,2023-06-02,1.351444
LP65159144,2023-06-05,1.352715
LP65159144,2023-06-06,1.357305
LP65159144,2023-06-07,1.366073
LP65159144,2023-06-08,1.368348
LP65159144,2023-06-09,1.371376
LP65159144,2023-06-12,1.357705
LP65159144,2023-06-13,1.365629
LP65159144,2023-06-14,1.35994
LP65159144,2023-06-15,1.358986
LP65159144,2023-06-16,1.361825
LP65159144,2023-06-19,1.361825
LP65159144,2023-06-20,1.34061
LP65159144,2023-06-21,1.339052
LP65159144,2023-06-22,1.325007
LP65159144,2023-06-23,1.314572
LP65159144,2023-06-26,1.314861
LP65159144,2023-06-27,1.307935
LP65159144,2023-06-28,1.315538
LP65159144,2023-06-29,1.317231
LP65159144,2023-06-30,1.328962
LP65159144,2023-07-03,1.341603
LP65159144,2023-07-04,1.346438
LP65159144,2023-07-05,1.347402
LP65159144,2023-07-06,1.323226
LP65159144,2023-07-07,1.33795
LP65159144,2023-07-10,1.342984
LP65159144,2023-07-11,1.365324
LP65159144,2023-07-12,1.383942
LP65159144,2023-07-13,1.393311
LP65159144,2023-07-14,1.383409
LP65159144,2023-07-17,1.372391
LP65159144,2023-07-18,1.383301
LP65159144,2023-07-19,1.392367
LP65159144,2023-07-20,1.40471
LP65159144,2023-07-21,1.410571
LP65159144,2023-07-24,1.422406
LP65159144,2023-07-25,1.427667
LP65159144,2023-07-26,1.428401
LP65159144,2023-07-27,1.435535
LP65159144,2023-07-28,1.426039
LP65159144,2023-07-31,1.432534
LP65159144,2023-08-01,1.429401
LP65159144,2023-08-02,1.419744
LP65159144,2023-08-03,1.419399
LP65159144,2023-08-04,1.426251
LP65159144,2023-08-07,1.425946
LP65159144,2023-08-08,1.419886
LP65159144,2023-08-09,1.433338
LP65159144,2023-08-10,1.428686
LP65159144,2023-08-11,1.426664
LP65159144,2023-08-14,1.423564
LP65159144,2023-08-15,1.423564
LP65159144,2023-08-16,1.411818
LP65159144,2023-08-17,1.409371
LP65159144,2023-08-18,1.394502
LP65159144,2023-08-21,1.393174
LP65159144,2023-08-22,1.396905
LP65159144,2023-08-23,1.396675
LP65159144,2023-08-24,1.393379
LP65159144,2023-08-25,1.39468
LP65159144,2023-08-28,1.39468
LP65159144,2023-08-29,1.408593
LP65159144,2023-08-30,1.403951
LP65159144,2023-08-31,1.407767
LP65159144,2023-09-01,1.417202
LP65159144,2023-09-04,1.417202
LP65159144,2023-09-05,1.412769
LP65159144,2023-09-06,1.401583
LP65159144,2023-09-07,1.401553
LP65159144,2023-09-08,1.402889
LP65159144,2023-09-11,1.414883
LP65159144,2023-09-12,1.422423
LP65159144,2023-09-13,1.417753
LP65159144,2023-09-14,1.436326
LP65159144,2023-09-15,1.436411
LP65159144,2023-09-18,1.428647
LP65159144,2023-09-19,1.42408
LP65159144,2023-09-20,1.424592
LP65159144,2023-09-21,1.415372
LP65159144,2023-09-22,1.420387
LP65159144,2023-09-25,1.419544
LP65159144,2023-09-26,1.407594
LP65159144,2023-09-27,1.415494
LP65159144,2023-09-28,1.423128
LP65159144,2023-09-29,1.43108
LP65159144,2023-10-02,1.411205
LP65159144,2023-10-03,1.389222
LP65159144,2023-10-04,1.368576
LP65159144,2023-10-05,1.370464
LP65159144,2023-10-06,1.380005
LP65159144,2023-10-09,1.380005
LP65159144,2023-10-10,1.409907
LP65159144,2023-10-11,1.40353
LP65159144,2023-10-12,1.40353
LP65159144,2023-10-13,1.407896
LP65159144,2023-10-16,1.401826
LP65159144,2023-10-17,1.403235
LP65159144,2023-10-18,1.397911
LP65159144,2023-10-19,1.379813
LP65159144,2023-10-20,1.370945
LP65159144,2023-10-23,1.356773
LP65159144,2023-10-24,1.360644
LP65159144,2023-10-25,1.34806
LP65159144,2023-10-26,1.344827
LP65159144,2023-10-27,1.342862
LP65159144,2023-10-30,1.346381
LP65159144,2023-10-31,1.35446
LP65159144,2023-11-01,1.35446
LP65159144,2023-11-02,1.381144
LP65159144,2023-11-03,1.390169
LP65159144,2023-11-06,1.382193
LP65159144,2023-11-07,1.363378
LP65159144,2023-11-08,1.363869
LP65159144,2023-11-09,1.363869
LP65159144,2023-11-10,1.366593
LP65159144,2023-11-13,1.373934
LP65159144,2023-11-14,1.388801
LP65159144,2023-11-15,1.397488
LP65159144,2023-11-16,1.370414
LP65159144,2023-11-17,1.381716
LP65159144,2023-11-20,1.385084
LP65159144,2023-11-21,1.375425
LP65159144,2023-11-22,1.380065
LP65159144,2023-11-23,1.381942
LP65159144,2023-11-24,1.387838
LP65159144,2023-11-27,1.386613
LP65159144,2023-11-28,1.384762
LP65159144,2023-11-29,1.387103
LP65159144,2023-11-30,1.392898
LP65159144,2023-12-01,1.407815
LP65159144,2023-12-04,1.396476
LP65159144,2023-12-05,1.392804
LP65159144,2023-12-06,1.392804
LP65159144,2023-12-07,1.393269
LP65159144,2023-12-08,1.393269
LP65159144,2023-12-11,1.390082
LP65159144,2023-12-12,1.379052
LP65159144,2023-12-13,1.382181
LP65159144,2023-12-14,1.414651
LP65159144,2023-12-15,1.41723
LP65159144,2023-12-18,1.418245
LP65159144,2023-12-19,1.42899
LP65159144,2023-12-20,1.438271
LP65159144,2023-12-21,1.442255
LP65159144,2023-12-22,1.447093
LP65159144,2023-12-25,1.447093
LP65159144,2023-12-26,1.447093
LP65159144,2023-12-27,1.446579
LP65159144,2023-12-28,1.448825
LP65159144,2023-12-29,1.448851
LP65159144,2024-01-01,1.448851
LP65159144,2024-01-02,1.455995
LP65159144,2024-01-03,1.451717
LP65159144,2024-01-04,1.453158
LP65159144,2024-01-05,1.45337
LP65159144,2024-01-08,1.451788
LP65159144,2024-01-09,1.449605
LP65159144,2024-01-10,1.445227
LP65159144,2024-01-11,1.438182
LP65159144,2024-01-12,1.447022
LP65159144,2024-01-15,1.447022
LP65159144,2024-01-16,1.428957
LP65159144,2024-01-17,1.410873
LP65159144,2024-01-18,1.419892
LP65159144,2024-01-19,1.414975
LP65159144,2024-01-22,1.429472
LP65159144,2024-01-23,1.436102
LP65159144,2024-01-24,1.448103
LP65159144,2024-01-25,1.457351
LP65159144,2024-01-26,1.46224
LP65159144,2024-01-29,1.462647
LP65159144,2024-01-30,1.454412
LP65159144,2024-01-31,1.449059
LP65159144,2024-02-01,1.448786
LP65159144,2024-02-02,1.438182
LP65159144,2024-02-05,1.427253
LP65159144,2024-02-06,1.446996
LP65159144,2024-02-07,1.43617
LP65159144,2024-02-08,1.442494
LP65159144,2024-02-09,1.436409
LP65159144,2024-02-12,1.453147
LP65159144,2024-02-13,1.443521
LP65159144,2024-02-14,1.443024
LP65159144,2024-02-15,1.45177
LP65159144,2024-02-16,1.46387
LP65159144,2024-02-19,1.46387
LP65159144,2024-02-20,1.474256
LP65159144,2024-02-21,1.487543
LP65159144,2024-02-22,1.491431
LP65159144,2024-02-23,1.486546
LP65159144,2024-02-26,1.484077
LP65159144,2024-02-27,1.484404
LP65159144,2024-02-28,1.482008
LP65159144,2024-02-29,1.486391
LP65159144,2024-03-01,1.498892
LP65159144,2024-03-04,1.491285
LP65159144,2024-03-05,1.495633
LP65159144,2024-03-06,1.497958
LP65159144,2024-03-07,1.499281
LP65159144,2024-03-08,1.506232
LP65159144,2024-03-11,1.503672
LP65159144,2024-03-12,1.518129
LP65159144,2024-03-13,1.523328
LP65159144,2024-03-14,1.526102
LP65159144,2024-03-15,1.523905
LP65159144,2024-03-18,1.52661
LP65159144,2024-03-19,1.53214
LP65159144,2024-03-20,1.541213
LP65159144,2024-03-21,1.552992
LP65159144,2024-03-22,1.555089
LP65159144,2024-03-25,1.556589
LP65159144,2024-03-26,1.5647
LP65159144,2024-03-27,1.5647
LP65159144,2024-03-28,1.5647
LP65159144,2024-03-29,1.5647
LP65159144,2024-04-01,1.574087
LP65159144,2024-04-02,1.58072
LP65159144,2024-04-03,1.592916
LP65159144,2024-04-04,1.594094
LP65159144,2024-04-05,1.589131
LP65159144,2024-04-08,1.595234
LP65159144,2024-04-09,1.600076
LP65159144,2024-04-10,1.605781
LP65159144,2024-04-11,1.61229
LP65159144,2024-04-12,1.609405
LP65159144,2024-04-15,1.600091
LP65159144,2024-04-16,1.579783
LP65159144,2024-04-17,1.580209
LP65159144,2024-04-18,1.587052
LP65159144,2024-04-19,1.584006
LP65159144,2024-04-22,1.595502
LP65159144,2024-04-23,1.609109
LP65159144,2024-04-24,1.607008
LP65159144,2024-04-25,1.598438
LP65159144,2024-04-26,1.617849
LP65159144,2024-04-29,1.632602
LP65159144,2024-04-30,1.616698
LP65159144,2024-05-01,1.616698
LP65159144,2024-05-02,1.616698
LP65159144,2024-05-03,1.631697
LP65159144,2024-05-06,1.631697
LP65159144,2024-05-07,1.648847
LP65159144,2024-05-08,1.660146
LP65159144,2024-05-09,1.660146
LP65159144,2024-05-10,1.668812
LP65159144,2024-05-13,1.666522
LP65159144,2024-05-14,1.681034
LP65159144,2024-05-15,1.681034
LP65159144,2024-05-16,1.684828
LP65159144,2024-05-17,1.684828
LP65159144,2024-05-20,1.684828
LP65159144,2024-05-21,1.703173
LP65159144,2024-05-22,1.684888
LP65159144,2024-05-23,1.692793
LP65159144,2024-05-24,1.699582
LP65159144,2024-05-27,1.699582
LP65159144,2024-05-28,1.717525
LP65159144,2024-05-29,1.700302
LP65159144,2024-05-30,1.720026
LP65159144,2024-05-31,1.730218
LP65159144,2024-06-03,1.733743
LP65159144,2024-06-04,1.707846
LP65159144,2024-06-05,1.70566
LP65159144,2024-06-06,1.70668
LP65159144,2024-06-07,1.705206
LP65159144,2024-06-10,1.705206
LP65159144,2024-06-11,1.705886
LP65159144,2024-06-12,1.709267
LP65159144,2024-06-13,1.686572
LP65159144,2024-06-14,1.669667
LP65159144,2024-06-17,1.680318
LP65159144,2024-06-18,1.690621
LP65159144,2024-06-19,1.690621
LP65159144,2024-06-20,1.706909
LP65159144,2024-06-21,1.694247
LP65159144,2024-06-24,1.712835
LP65159144,2024-06-25,1.707098
LP65159144,2024-06-26,1.704683
LP65159144,2024-06-27,1.706385
LP65159144,2024-06-28,1.706016
LP65159144,2024-07-01,1.706016
LP65159144,2024-07-02,1.708925
LP65159144,2024-07-03,1.722062
LP65159144,2024-07-04,1.722062
LP65159144,2024-07-05,1.730846
LP65159144,2024-07-08,1.728226
LP65159144,2024-07-09,1.724011
LP65159144,2024-07-10,1.737307
LP65159144,2024-07-11,1.749457
LP65159144,2024-07-12,1.756972
LP65159144,2024-07-15,1.745057
LP65159144,2024-07-16,1.747598
LP65159144,2024-07-17,1.740078
LP65159144,2024-07-18,1.739314
LP65159144,2024-07-19,1.72671
LP65159144,2024-07-22,1.734596
LP65159144,2024-07-23,1.740373
LP65159144,2024-07-24,1.726538
LP65159144,2024-07-25,1.726538
LP65159144,2024-07-26,1.728086
LP65159144,2024-07-29,1.719627
LP65159144,2024-07-30,1.720757
LP65159144,2024-07-31,1.736804
LP65159144,2024-08-01,1.716816
LP65159144,2024-08-02,1.655278
LP65159144,2024-08-05,1.599339
LP65159144,2024-08-06,1.607283
LP65159144,2024-08-07,1.630401
LP65159144,2024-08-08,1.632864
LP65159144,2024-08-09,1.646108
LP65159144,2024-08-12,1.654532
LP65159144,2024-08-13,1.653444
LP65159144,2024-08-14,1.659577
LP65159144,2024-08-15,1.659577
LP65159144,2024-08-16,1.67985
LP65159144,2024-08-19,1.692979
LP65159144,2024-08-20,1.678804
LP65159144,2024-08-21,1.690925
LP65159144,2024-08-22,1.683719
LP65159144,2024-08-23,1.700676
LP65159144,2024-08-26,1.700676
LP65159144,2024-08-27,1.711963
LP65159144,2024-08-28,1.710037
LP65159144,2024-08-29,1.717593
LP65159144,2024-08-30,1.717428
LP65159144,2024-09-02,1.717428
LP65159144,2024-09-03,1.678353
LP65159144,2024-09-04,1.669701
LP65159144,2024-09-05,1.668424
LP65159144,2024-09-06,1.637027
LP65159144,2024-09-09,1.633747
LP65159144,2024-09-10,1.619854
LP65159144,2024-09-11,1.622328
LP65159144,2024-09-12,1.635552
LP65159144,2024-09-13,1.657069
LP65159144,2024-09-16,1.665791
LP65159144,2024-09-17,1.677547
LP65159144,2024-09-18,1.677547
LP65159144,2024-09-19,1.700109
LP65159144,2024-09-20,1.680218
LP65159144,2024-09-23,1.692499
LP65159144,2024-09-24,1.705981
LP65159144,2024-09-25,1.688935
LP65159144,2024-09-26,1.704359
LP65159144,2024-09-27,1.725456
LP65159144,2024-09-30,1.718873
LP65159144,2024-10-01,1.718873
LP65159144,2024-10-02,1.730826
LP65159144,2024-10-03,1.721953
LP65159144,2024-10-04,1.740351
LP65159144,2024-10-07,1.739709
LP65159144,2024-10-08,1.717282
LP65159144,2024-10-09,1.716819
LP65159144,2024-10-10,1.723106
LP65159144,2024-10-11,1.723106
LP65159144,2024-10-14,1.726626
LP65159144,2024-10-15,1.71733
LP65159144,2024-10-16,1.716586
LP65159144,2024-10-17,1.724094
LP65159144,2024-10-18,1.723513
LP65159144,2024-10-21,1.720851
LP65159144,2024-10-22,1.723575
LP65159144,2024-10-23,1.71101
LP65159144,2024-10-24,1.703819
LP65159144,2024-10-25,1.70845
LP65159144,2024-10-28,1.706429
LP65159144,2024-10-29,1.704237
LP65159144,2024-10-30,1.692255
LP65159144,2024-10-31,1.674029
LP65159144,2024-11-01,1.674029
LP65159144,2024-11-04,1.666495
LP65159144,2024-11-05,1.673756
LP65159144,2024-11-06,1.682991
LP65159144,2024-11-07,1.705088
LP65159144,2024-11-08,1.692938
LP65159144,2024-11-11,1.701931
LP65159144,2024-11-12,1.671168
LP65159144,2024-11-13,1.659053
LP65159144,2024-11-14,1.673843
LP65159144,2024-11-15,1.669858
LP65159144,2024-11-18,1.682967
LP65159144,2024-11-19,1.673558
LP65159144,2024-11-20,1.681933
LP65159144,2024-11-21,1.684272
LP65159144,2024-11-22,1.704684
LP65159144,2024-11-25,1.714446
LP65159144,2024-11-26,1.6948
LP65159144,2024-11-27,1.689249
LP65159144,2024-11-28,1.689249
LP65159144,2024-11-29,1.698638
LP65159144,2024-12-02,1.699864
LP65159144,2024-12-03,1.716817
LP65159144,2024-12-04,1.724343
LP65159144,2024-12-05,1.728063
LP65159144,2024-12-06,1.728063
LP65159144,2024-12-09,1.729969
LP65159144,2024-12-10,1.735309
LP65159144,2024-12-11,1.747546
LP65159144,2024-12-12,1.760359
LP65159144,2024-12-13,1.744197
LP65159144,2024-12-16,1.733077
LP65159144,2024-12-17,1.729879
LP65159144,2024-12-18,1.736672
LP65159144,2024-12-19,1.731446
LP65159144,2024-12-20,1.726768
LP65159144,2024-12-23,1.735969
LP65159144,2024-12-24,1.735969
LP65159144,2024-12-25,1.735969
LP65159144,2024-12-26,1.735969
LP65159144,2024-12-27,1.758334
LP65159144,2024-12-30,1.763502
LP65159144,2024-12-31,1.763502
LP65159144,2025-01-01,1.763502
LP65159144,2025-01-02,1.807983
LP65159144,2025-01-03,1.806739
LP65159144,2025-01-06,1.806739
LP65159144,2025-01-07,1.810735
LP65159144,2025-01-08,1.800215
LP65159144,2025-01-09,1.800215
LP65159144,2025-01-10,1.79641
LP65159144,2025-01-13,1.786427
LP65159144,2025-01-14,1.77909
LP65159144,2025-01-15,1.803234
LP65159144,2025-01-16,1.80146
LP65159144,2025-01-17,1.809607
LP65159144,2025-01-20,1.809607
LP65159144,2025-01-21,1.799633
LP65159144,2025-01-22,1.795298
LP65159144,2025-01-23,1.788954
LP65159144,2025-01-24,1.781586
LP65159144,2025-01-27,1.780821
LP65159144,2025-01-28,1.788408
LP65159144,2025-01-29,1.788408
LP65159144,2025-01-30,1.788408
LP65159144,2025-01-31,1.788408
LP65159144,2025-02-03,1.792999
LP65159144,2025-02-04,1.798956
LP65159144,2025-02-05,1.802168
LP65159144,2025-02-06,1.820703
LP65159144,2025-02-07,1.824542
LP65159144,2025-02-10,1.838952
LP65159144,2025-02-11,1.837123
LP65159144,2025-02-12,1.834796
LP65159144,2025-02-13,1.853044
LP65159144,2025-02-14,1.85487
LP65159144,2025-02-17,1.85487
LP65159144,2025-02-18,1.86911
LP65159144,2025-02-19,1.865339
LP65159144,2025-02-20,1.861483
LP65159144,2025-02-21,1.860219
LP65159144,2025-02-24,1.852708
LP65159144,2025-02-25,1.846244
LP65159144,2025-02-26,1.85509
LP65159144,2025-02-27,1.858788
LP65159144,2025-02-28,1.836075
LP65159144,2025-03-03,1.841379
LP65159144,2025-03-04,1.788112
LP65159144,2025-03-05,1.822835
LP65159144,2025-03-06,1.839923
LP65159144,2025-03-07,1.834732
LP65159144,2025-03-10,1.804995
LP65159144,2025-03-11,1.797678
LP65159144,2025-03-12,1.809483
LP65159144,2025-03-13,1.805716
LP65159144,2025-03-14,1.827917
LP65159144,2025-03-17,1.84641
LP65159144,2025-03-18,1.865395
LP65159144,2025-03-19,1.87894
LP65159144,2025-03-20,1.870159
LP65159144,2025-03-21,1.848905
LP65159144,2025-03-24,1.856911
LP65159144,2025-03-25,1.871821
LP65159144,2025-03-26,1.890425
LP65159144,2025-03-27,1.882739
LP65159144,2025-03-28,1.85662
LP65159144,2025-03-31,1.820773
LP65159144,2025-04-01,1.831847
LP65159144,2025-04-02,1.821426
LP65159144,2025-04-03,1.746737
LP65159144,2025-04-04,1.746737
LP65159144,2025-04-07,1.603129
LP65159144,2025-04-08,1.621907
LP65159144,2025-04-09,1.594972
LP65159144,2025-04-10,1.615402
LP65159144,2025-04-11,1.621268
LP65159144,2025-04-14,1.657246
LP65159144,2025-04-15,1.682185
LP65159144,2025-04-16,1.681674
LP65159144,2025-04-17,1.681674
LP65159144,2025-04-18,1.681674
LP65159144,2025-04-21,1.681674
LP65159144,2025-04-22,1.699339
LP65159144,2025-04-23,1.731157
LP65159144,2025-04-24,1.744752
LP65159144,2025-04-25,1.763347
LP65159144,2025-04-28,1.769225
LP65159144,2025-04-29,1.777595
LP65159144,2025-04-30,1.778539
LP65159144,2025-05-01,1.778539
LP65159144,2025-05-02,1.778539
LP65159144,2025-05-05,1.778539
LP65159144,2025-05-06,1.824066
LP65159144,2025-05-07,1.819759
LP65159144,2025-05-08,1.846232
LP65159144,2025-05-09,1.860616
LP65159144,2025-05-12,1.903475
LP65159144,2025-05-13,1.918275
LP65159144,2025-05-14,1.905482
LP65159144,2025-05-15,1.905482
LP65159144,2025-05-16,1.908541
LP65159144,2025-05-19,1.895094
LP65159144,2025-05-20,1.902104
LP65159144,2025-05-21,1.890521
LP65159144,2025-05-22,1.887792
LP65159144,2025-05-23,1.885352
LP65159144,2025-05-26,1.885352
LP65159144,2025-05-27,1.91729
LP65159144,2025-05-28,1.927529
LP65159144,2025-05-29,1.927529
LP65159144,2025-05-30,1.923607
LP65159144,2025-06-02,1.930067
LP65159144,2025-06-03,1.940444
LP65159144,2025-06-04,1.942631
LP65159144,2025-06-05,1.944188
LP65159144,2025-06-06,1.949722
LP65159144,2025-06-09,1.949722
LP65159144,2025-06-10,1.957746
LP65159144,2025-06-11,1.969883
LP65159144,2025-06-12,1.964112
LP65159144,2025-06-13,1.956971
LP65159144,2025-06-16,1.964929
LP65159144,2025-06-17,1.970736
LP65159144,2025-06-18,1.960245
LP65159144,2025-06-19,1.960245
LP65159144,2025-06-20,1.932467
LP65159144,2025-06-23,1.916518
LP65159144,2025-06-24,1.913891
LP65159144,2025-06-25,1.906943
LP65159144,2025-06-26,1.916565
LP65159144,2025-06-27,1.922893
LP65159144,2025-06-30,1.913855
LP65159144,2025-07-01,1.913855
LP65159144,2025-07-02,1.941841
LP65159144,2025-07-03,1.959008
LP65159144,2025-07-04,1.959008
LP65159144,2025-07-07,1.946855
LP65159144,2025-07-08,1.969494
LP65159144,2025-07-09,1.974952
LP65159144,2025-07-10,1.986893
LP65159144,2025-07-11,1.988318
LP65159144,2025-07-14,1.985876
LP65159144,2025-07-15,1.976989
LP65159144,2025-07-16,1.961685
LP65159144,2025-07-17,1.978848
LP65159144,2025-07-18,1.967362
LP65159144,2025-07-21,1.962448
LP65159144,2025-07-22,1.965641
LP65159144,2025-07-23,1.992311
LP65159144,2025-07-24,2.001191
LP65159144,2025-07-25,2.001191
LP65159144,2025-07-28,2.020354
LP65159144,2025-07-29,2.030592
LP65159144,2025-07-30,2.026757
LP65159144,2025-07-31,2.007858
LP65159144,2025-08-01,1.96329
LP65159144,2025-08-04,1.966811
LP65159144,2025-08-05,1.990294
LP65159144,2025-08-06,1.984647
LP65159144,2025-08-07,1.99944
LP65159144,2025-08-08,2.001665
LP65159144,2025-08-11,1.997969
LP65159144,2025-08-12,2.017879
LP65159144,2025-08-13,2.023316
LP65159144,2025-08-14,2.034512
LP65159144,2025-08-15,2.034512
LP65159144,2025-08-18,2.040968
LP65159144,2025-08-19,2.043383
LP65159144,2025-08-20,2.040712
LP65159144,2025-08-21,2.064415
LP65159144,2025-08-22,2.08329
LP65159144,2025-08-25,2.08329
LP65159144,2025-08-26,2.080434
LP65159144,2025-08-27,2.07957
LP65159144,2025-08-28,2.082971
LP65159144,2025-08-29,2.072745
LP65159144,2025-09-01,2.072745
LP65159144,2025-09-02,2.052029
LP65159144,2025-09-03,2.046459
LP65159144,2025-09-04,2.059876
LP65159144,2025-09-05,2.050797
LP65159144,2025-09-08,2.054295
LP65159144,2025-09-09,2.0664
LP65159144,2025-09-10,2.07023
LP65159144,2025-09-11,2.079725
LP65159144,2025-09-12,2.079878
LP65159144,2025-09-15,2.078862
LP65159144,2025-09-16,2.077295
LP65159144,2025-09-17,2.081017
LP65159144,2025-09-18,2.093241
LP65159144,2025-09-19,2.087209
LP65159144,2025-09-22,2.082435
LP65159144,2025-09-23,2.099114
LP65159144,2025-09-24,2.115128
LP65159144,2025-09-25,2.099667
LP65159144,2025-09-26,2.106315
LP65159144,2025-09-29,2.1238
LP65159144,2025-09-30,2.120005
LP65159144,2025-10-01,2.120005
LP65159144,2025-10-02,2.145013
LP65159144,2025-10-03,2.159009
LP65159144,2025-10-06,2.163423
LP65159144,2025-10-07,2.163423
LP65159144,2025-10-08,2.166573
LP65159144,2025-10-09,2.168557
LP65159144,2025-10-10,2.134233
LP65159144,2025-10-13,2.154988
LP65159144,2025-10-14,2.126891
LP65159144,2025-10-15,2.129596
LP65159144,2025-10-16,2.120216
LP65159144,2025-10-17,2.100151
LP65159144,2025-10-20,2.12296
LP65159144,2025-10-21,2.119455
LP65159144,2025-10-22,2.136469
LP65159144,2025-10-23,2.17059
LP65159144,2025-10-24,2.170817
LP65159144,2025-10-27,2.178515
LP65159144,2025-10-28,2.163549
LP65159144,2025-10-29,2.163549
LP65159144,2025-10-30,2.161465
LP65159144,2025-10-31,2.163976
LP65159144,2025-11-03,2.168059
LP65159144,2025-11-04,2.146345
LP65159144,2025-11-05,2.159093
LP65159144,2025-11-06,2.142962
LP65159144,2025-11-07,2.131032
LP65159144,2025-11-10,2.131032
LP65159144,2025-11-11,2.180671
LP65159144,2025-11-12,2.198689
LP65159144,2025-11-13,2.194384
LP65159144,2025-11-14,2.173892
LP65159144,2025-11-17,2.160593
LP65159144,2025-11-18,2.128755
LP65159144,2025-11-19,2.122272
LP65159144,2025-11-20,2.136213
LP65159144,2025-11-21,2.121184
LP65159144,2025-11-24,2.143867
LP65159144,2025-11-25,2.163306
LP65159144,2025-11-26,2.17859
LP65159144,2025-11-27,2.17859
LP65159144,2025-11-28,2.189375
LP65159144,2025-12-01,2.190598
LP65159144,2025-12-02,2.192131
LP65159144,2025-12-03,2.210049
LP65159144,2025-12-04,2.22862
LP65159144,2025-12-05,2.248257
LP65159144,2025-12-08,2.248257
LP65159144,2025-12-09,2.244067
LP65159144,2025-12-10,2.237067
LP65159144,2025-12-11,2.245467
LP65159144,2025-12-12,2.251741
LP65159144,2025-12-15,2.255742
LP65159144,2025-12-16,2.227609
LP65159144,2025-12-17,2.236925
LP65159144,2025-12-18,2.260294
LP65159144,2025-12-19,2.270348
LP65159144,2025-12-22,2.286254
LP65159144,2025-12-23,2.288381
LP65159144,2025-12-24,2.288381
LP65159144,2025-12-25,2.288381
LP65159144,2025-12-26,2.288381
LP65159144,2025-12-29,2.300045
LP65159144,2025-12-30,2.31791
LP65159144,2025-12-31,2.31791
LP65159144,2026-01-01,2.31791
LP65159144,2026-01-02,2.329259
LP65159144,2026-01-05,2.339477
LP65159144,2026-01-06,2.339477
LP65159144,2026-01-07,2.355654
LP65159144,2026-01-08,2.361886
LP65159144,2026-01-09,2.377365
LP65159144,2026-01-12,2.380286
LP65159144,2026-01-13,2.395104
LP65159144,2026-01-14,2.420975
LP65159144,2026-01-15,2.423902
LP65159144,2026-01-16,2.415976
LP65159144,2026-01-19,2.402587
LP65159144,2026-01-20,2.369587
LP65159144,2026-01-21,2.407207
LP65159144,2026-01-22,2.44885
LP65159144,2026-01-23,2.461457
LP65159144,2026-01-26,2.455758
LP65159144,2026-01-27,2.463897
LP65159144,2026-01-28,2.475896
LP65159144,2026-01-29,2.497716
LP65159144,2026-01-30,2.4903
LP65159144,2026-02-02,2.490771
LP65159144,2026-02-03,2.510317
LP65159144,2026-02-04,2.514322
LP65159144,2026-02-05,2.486861
LP65159144,2026-02-06,2.504378
LP65159144,2026-02-09,2.535149
LP65159144,2026-02-10,2.555105
LP65159144,2026-02-11,2.577118
LP65159144,2026-02-12,2.553542
LP65159144,2026-02-13,2.568665
LP65159144,2026-02-16,2.568665
LP65159144,2026-02-17,2.568665
LP65159144,2026-02-18,2.568665
LP65159144,2026-02-19,2.568665
LP65159144,2026-02-20,2.6475
LP65159144,2026-02-23,2.632617
LP65159144,2026-02-24,2.650594
LP65159144,2026-02-25,2.645443
LP65159144,2026-02-26,2.662837
LP65159144,2026-02-27,2.668071
LP65159144,2026-03-02,2.650963
LP65159144,2026-03-03,2.577976
LP65159144,2026-03-04,2.576961
LP65159144,2026-03-05,2.578022
LP65159144,2026-03-06,2.572346
LP65159144,2026-03-09,2.531856
LP65159144,2026-03-10,2.552433
LP65159144,2026-03-11,2.554803
LP65159144,2026-03-12,2.532497
LP65159144,2026-03-13,2.503519
LP65159144,2026-03-16,2.50975
LP65159144,2026-03-17,2.526016
LP65159144,2026-03-18,2.545591
LP65159144,2026-03-19,2.525849
LP65159144,2026-03-20,2.500281
LP65159144,2026-03-23,2.49538
LP65159144,2026-03-24,2.513231
LP65159144,2026-03-25,2.540366
LP65159144,2026-03-26,2.55189
LP65159144,2026-03-27,2.543444
LP65159144,2026-03-30,2.558994
LP65159144,2026-03-31,2.572714
LP65159144,2026-04-01,2.596283
LP65159144,2026-04-02,2.596283
LP65159144,2026-04-03,2.596283
LP65159144,2026-04-06,2.596283
LP65159144,2026-04-07,2.596283
LP65159144,2026-04-08,2.648621
LP65159144,2026-04-09,2.651544
LP65159144,2026-04-10,2.669211
LP65159144,2026-04-13,2.663628
LP65159144,2026-04-14,2.675417
LP65159144,2026-04-15,2.669062
LP65159144,2026-04-16,2.67213
LP65159144,2026-04-17,2.679829
LP65159144,2026-04-20,2.678152
LP65159144,2026-04-21,2.686317
LP65159144,2026-04-22,2.6908
LP65159144,2026-04-23,2.689726
LP65159144,2026-04-24,2.67228
LP65159144,2026-04-27,2.674573
LP65159144,2026-04-28,2.680078
LP65159144,2026-04-29,2.683582
LP65159144,2026-04-30,2.703877
LP65159144,2026-05-01,2.703877
LP65159144,2026-05-04,2.703877
LP65159144,2026-05-05,2.712788
LP65159144,2026-05-06,2.723939
LP65159144,2026-05-07,2.731877
LP65159144,2026-05-08,2.732534
LP65159144,2026-05-11,2.736195
LP65159144,2026-05-12,2.727636
LP65159144,2026-05-13,2.731024
LP65159144,2026-05-14,2.731024
LP65159144,2026-05-15,2.731024
LP65159144,2026-05-18,2.736457
LP65159144,2026-05-19,2.721868
LP65159144,2026-05-20,2.739976
LP65159144,2026-05-21,2.733951
LP65159144,2026-05-22,2.728577
LP65159144,2026-05-25,2.728577
LP65159144,2026-05-26,2.72909
LP65159144,2026-05-27,2.718682
LP65159144,2026-05-28,2.71009
LP65159144,2026-05-29,2.72756
LP65159144,2026-06-01,2.72779
LP65159144,2026-06-02,2.728371
LP65159144,2026-06-03,2.720558
LP65159144,2026-06-04,2.724399
LP65159144,2026-06-05,2.716655
LP65159144,2026-06-08,2.70501
LP65159144,2026-06-09,2.686293
LP65159144,2026-06-10,2.688302
LP65159144,2026-06-11,2.707832
LP65159144,2026-06-12,2.739462
LP65159144,2026-06-15,2.737901
LP65159144,2026-06-16,2.711916
LP65159144,2026-06-17,2.702957
LP65159144,2026-06-18,2.677126
LP65159144,2026-06-19,2.677126
LP65159144,2026-06-22,2.676394
LP65159144,2026-06-23,2.668417
LP65159144,2026-06-24,2.671455
LP65159144,2026-06-25,2.686531
LP65159144,2026-06-26,2.673957
LP65159144,2026-06-29,2.647197
LP65159144,2026-06-30,2.635886
LP65159144,2026-07-01,2.635886
LP65159144,2026-07-02,2.676414
LP65159144,2026-07-03,2.676414
LP65159144,2026-07-06,2.700623
LP65159144,2026-07-07,2.702085
LP65159144,2026-07-08,2.685516
LP65159144,2026-07-09,2.67839
LP65159144,2026-07-10,2.692975
LP65159144,2026-07-13,2.706387
LP65159144,2026-07-14,2.703775
LP65159144,2026-07-15,2.715726
LP65159144,2026-07-16,2.712444
LP65159144,2026-07-17,2.710279
LP65159144,2026-07-20,2.711399
LP65159144,2026-07-21,2.727724
LP65159144,2026-07-22,2.752001
LP65159144,2026-07-23,2.739349
LP65159144,2026-07-24,2.742276
LP65159144,2026-07-27,2.747112
LP65159144,2026-07-28,2.750929
LP65159144,2026-07-29,2.761536
LP65159144,2026-07-30,2.766371
LP65159144,2026-07-31,2.759918
LP65159144,2026-08-03,2.759543
LP65159144,2026-08-04,2.767624
LP65159144,2026-08-05,2.761695
LP65159144,2026-08-06,2.759396
LP65159144,2026-08-07,2.765084
LP65159144,2026-08-10,2.762213
LP65159144,2026-08-11,2.762522
LP65159144,2026-08-12,2.749946
LP65159144,2026-08-13,2.753961
LP65159144,2026-08-14,2.762502
LP65159144,2026-08-17,2.748874
LP65159144,2026-08-18,2.741858
LP65159144,2026-08-19,2.750411
LP65159144,2026-08-20,2.734284
LP65159144,2026-08-21,2.751115
LP65159144,2026-08-24,2.728193
LP65159144,2026-08-25,2.724475
LP65159144,2026-08-26,2.732678
LP65159144,2026-08-27,2.730619
LP65159144,2026-08-28,2.734493
LP65159144,2026-08-31,2.734493
LP65159144,2026-09-01,2.741254
LP65159144,2026-09-02,2.727901
LP65159144,2026-09-03,2.722051
LP65159144,2026-09-04,2.727904
LP65159144,2026-09-07,2.729859
LP65159144,2026-09-08,2.720132
LP65159144,2026-09-09,2.70746
LP65159144,2026-09-10,2.697769
LP65159144,2026-09-11,2.697056
LP65159144,2026-09-14,2.689352
LP65159144,2026-09-15,2.683905
LP65159144,2026-09-16,2.689389
LP65159144,2026-09-17,2.700065
LP65159144,2026-09-18,2.670096
LP65159144,2026-09-21,2.676747
LP65159144,2026-09-22,2.697462
LP65159144,2026-09-23,2.675372
LP65159144,2026-09-24,2.666465
LP65159144,2026-09-25,2.667958
LP65159144,2026-09-28,2.68396
LP65159144,2026-09-29,2.670376
LP68227672,2023-01-02,49.799
LP68227672,2023-01-03,50.575
LP68227672,2023-01-04,50.5234
LP68227672,2023-01-05,50.7454
LP68227672,2023-01-06,50.709
LP68227672,2023-01-09,50.8978
LP68227672,2023-01-10,50.3236
LP68227672,2023-01-11,50.9952
LP68227672,2023-01-12,51.1805
LP68227672,2023-01-13,50.9228
LP68227672,2023-01-16,51.3545
LP68227672,2023-01-17,51.3622
LP68227672,2023-01-18,51.4853
LP68227672,2023-01-19,50.614
LP68227672,2023-01-20,50.6494
LP68227672,2023-01-23,51.1782
LP68227672,2023-01-24,51.5663
LP68227672,2023-01-25,50.9736
LP68227672,2023-01-26,51.1089
LP68227672,2023-01-27,51.0253
LP68227672,2023-01-30,50.7447
LP68227672,2023-01-31,50.7882
LP68227672,2023-02-01,51.2072
LP68227672,2023-02-02,51.9204
LP68227672,2023-02-03,52.1229
LP68227672,2023-02-06,52.5245
LP68227672,2023-02-07,52.6539
LP68227672,2023-02-08,53.0262
LP68227672,2023-02-09,52.8091
LP68227672,2023-02-10,51.7945
LP68227672,2023-02-13,52.4639
LP68227672,2023-02-14,52.9799
LP68227672,2023-02-15,52.8152
LP68227672,2023-02-16,52.9755
LP68227672,2023-02-17,52.3214
LP68227672,2023-02-20,52.3814
LP68227672,2023-02-21,52.3253
LP68227672,2023-02-22,51.9244
LP68227672,2023-02-23,52.3033
LP68227672,2023-02-24,52.0537
LP68227672,2023-02-27,52.0323
LP68227672,2023-02-28,51.7104
LP68227672,2023-03-01,51.6462
LP68227672,2023-03-02,51.1946
LP68227672,2023-03-03,52.1177
LP68227672,2023-03-06,52.5537
LP68227672,2023-03-07,52.6395
LP68227672,2023-03-08,52.3423
LP68227672,2023-03-09,52.1845
LP68227672,2023-03-10,51.7773
LP68227672,2023-03-13,51.1203
LP68227672,2023-03-14,50.8948
LP68227672,2023-03-15,51.4179
LP68227672,2023-03-16,52.1145
LP68227672,2023-03-17,52.3117
LP68227672,2023-03-20,52.0095
LP68227672,2023-03-21,52.2257
LP68227672,2023-03-22,52.3712
LP68227672,2023-03-23,51.8708
LP68227672,2023-03-24,52.1834
LP68227672,2023-03-27,52.9274
LP68227672,2023-03-28,52.4212
LP68227672,2023-03-29,52.8785
LP68227672,2023-03-30,53.1996
LP68227672,2023-03-31,53.4617
LP68227672,2023-04-03,53.9765
LP68227672,2023-04-04,53.9929
LP68227672,2023-04-05,53.6806
LP68227672,2023-04-06,53.5555
LP68227672,2023-04-07,53.5555
LP68227672,2023-04-10,53.5555
LP68227672,2023-04-11,53.6637
LP68227672,2023-04-12,53.724
LP68227672,2023-04-13,53.5811
LP68227672,2023-04-14,54.2007
LP68227672,2023-04-17,54.4892
LP68227672,2023-04-18,54.7807
LP68227672,2023-04-19,54.4313
LP68227672,2023-04-20,54.3884
LP68227672,2023-04-21,54.5476
LP68227672,2023-04-24,54.7388
LP68227672,2023-04-25,54.5267
LP68227672,2023-04-26,54.2073
LP68227672,2023-04-27,54.4201
LP68227672,2023-04-28,54.9731
LP68227672,2023-05-01,54.9731
LP68227672,2023-05-02,55.2474
LP68227672,2023-05-03,54.9338
LP68227672,2023-05-04,53.846
LP68227672,2023-05-05,54.1232
LP68227672,2023-05-08,54.5825
LP68227672,2023-05-09,54.5825
LP68227672,2023-05-10,54.2031
LP68227672,2023-05-11,54.7054
LP68227672,2023-05-12,54.8403
LP68227672,2023-05-15,54.9791
LP68227672,2023-05-16,54.7935
LP68227672,2023-05-17,54.7815
LP68227672,2023-05-18,54.7815
LP68227672,2023-05-19,55.2981
LP68227672,2023-05-22,55.0265
LP68227672,2023-05-23,54.9934
LP68227672,2023-05-24,53.7916
LP68227672,2023-05-25,54.0127
LP68227672,2023-05-26,53.913
LP68227672,2023-05-29,53.913
LP68227672,2023-05-30,54.6067
LP68227672,2023-05-31,54.0384
LP68227672,2023-06-01,53.7973
LP68227672,2023-06-02,54.0547
LP68227672,2023-06-05,54.6107
LP68227672,2023-06-06,54.5353
LP68227672,2023-06-07,54.3403
LP68227672,2023-06-08,53.9035
LP68227672,2023-06-09,53.6092
LP68227672,2023-06-12,54.2887
LP68227672,2023-06-13,54.1358
LP68227672,2023-06-14,54.4363
LP68227672,2023-06-15,54.4604
LP68227672,2023-06-16,55.0611
LP68227672,2023-06-19,55.0126
LP68227672,2023-06-20,54.819
LP68227672,2023-06-21,54.7055
LP68227672,2023-06-22,53.9458
LP68227672,2023-06-23,53.9458
LP68227672,2023-06-26,54.5246
LP68227672,2023-06-27,54.19
LP68227672,2023-06-28,54.4385
LP68227672,2023-06-29,54.7858
LP68227672,2023-06-30,55.2692
LP68227672,2023-07-03,55.4529
LP68227672,2023-07-04,55.2119
LP68227672,2023-07-05,55.0894
LP68227672,2023-07-06,54.9735
LP68227672,2023-07-07,54.6973
LP68227672,2023-07-10,54.1219
LP68227672,2023-07-11,54.1525
LP68227672,2023-07-12,54.2162
LP68227672,2023-07-13,54.506
LP68227672,2023-07-14,54.7198
LP68227672,2023-07-17,54.4736
LP68227672,2023-07-18,54.3916
LP68227672,2023-07-19,54.8395
LP68227672,2023-07-20,54.7428
LP68227672,2023-07-21,55.0223
LP68227672,2023-07-24,55.1712
LP68227672,2023-07-25,55.5073
LP68227672,2023-07-26,54.9707
LP68227672,2023-07-27,55.5511
LP68227672,2023-07-28,55.3578
LP68227672,2023-07-31,55.8404
LP68227672,2023-08-01,55.6815
LP68227672,2023-08-02,55.1974
LP68227672,2023-08-03,54.9789
LP68227672,2023-08-04,54.9056
LP68227672,2023-08-07,54.6528
LP68227672,2023-08-08,55.5367
LP68227672,2023-08-09,55.5146
LP68227672,2023-08-10,55.391
LP68227672,2023-08-11,55.2216
LP68227672,2023-08-14,55.3929
LP68227672,2023-08-15,55.3929
LP68227672,2023-08-16,55.1034
LP68227672,2023-08-17,54.8655
LP68227672,2023-08-18,54.0177
LP68227672,2023-08-21,54.3401
LP68227672,2023-08-22,54.3894
LP68227672,2023-08-23,54.5777
LP68227672,2023-08-24,55.0654
LP68227672,2023-08-25,54.4427
LP68227672,2023-08-28,54.7634
LP68227672,2023-08-29,55.0498
LP68227672,2023-08-30,55.3626
LP68227672,2023-08-31,55.4303
LP68227672,2023-09-01,55.3964
LP68227672,2023-09-04,55.767
LP68227672,2023-09-05,55.7066
LP68227672,2023-09-06,55.3799
LP68227672,2023-09-07,55.1638
LP68227672,2023-09-08,55.2835
LP68227672,2023-09-11,55.5358
LP68227672,2023-09-12,55.6163
LP68227672,2023-09-13,54.8558
LP68227672,2023-09-14,55.2775
LP68227672,2023-09-15,56.1347
LP68227672,2023-09-18,55.1767
LP68227672,2023-09-19,55.0031
LP68227672,2023-09-20,55.054
LP68227672,2023-09-21,54.6252
LP68227672,2023-09-22,54.2076
LP68227672,2023-09-25,53.7317
LP68227672,2023-09-26,53.6941
LP68227672,2023-09-27,53.5093
LP68227672,2023-09-28,53.3075
LP68227672,2023-09-29,53.884
LP68227672,2023-10-02,53.6569
LP68227672,2023-10-03,53.8625
LP68227672,2023-10-04,52.9937
LP68227672,2023-10-05,53.4127
LP68227672,2023-10-06,53.2513
LP68227672,2023-10-09,53.3739
LP68227672,2023-10-10,53.5843
LP68227672,2023-10-11,54.0098
LP68227672,2023-10-12,54.0678
LP68227672,2023-10-13,53.3141
LP68227672,2023-10-16,53.5106
LP68227672,2023-10-17,53.8265
LP68227672,2023-10-18,53.8459
LP68227672,2023-10-19,53.7377
LP68227672,2023-10-20,53.0173
LP68227672,2023-10-23,52.5972
LP68227672,2023-10-24,53.1176
LP68227672,2023-10-25,53.3842
LP68227672,2023-10-26,52.5588
LP68227672,2023-10-27,51.9688
LP68227672,2023-10-30,52.0574
LP68227672,2023-10-31,52.2604
LP68227672,2023-11-01,52.2604
LP68227672,2023-11-02,53.1749
LP68227672,2023-11-03,53.4148
LP68227672,2023-11-06,53.5268
LP68227672,2023-11-07,53.7643
LP68227672,2023-11-08,54.2987
LP68227672,2023-11-09,54.3566
LP68227672,2023-11-10,53.5864
LP68227672,2023-11-13,54.2093
LP68227672,2023-11-14,54.1646
LP68227672,2023-11-15,54.5079
LP68227672,2023-11-16,54.3428
LP68227672,2023-11-17,54.7124
LP68227672,2023-11-20,54.4613
LP68227672,2023-11-21,54.5208
LP68227672,2023-11-22,54.9535
LP68227672,2023-11-23,55.2881
LP68227672,2023-11-24,55.3143
LP68227672,2023-11-27,55.1458
LP68227672,2023-11-28,54.7595
LP68227672,2023-11-29,54.8863
LP68227672,2023-11-30,54.9439
LP68227672,2023-12-01,54.9763
LP68227672,2023-12-04,55.4147
LP68227672,2023-12-05,55.5582
LP68227672,2023-12-06,55.7393
LP68227672,2023-12-07,55.3367
LP68227672,2023-12-08,55.6113
LP68227672,2023-12-11,55.8291
LP68227672,2023-12-12,55.9284
LP68227672,2023-12-13,56.4705
LP68227672,2023-12-14,56.6817
LP68227672,2023-12-15,56.2028
LP68227672,2023-12-18,56.1815
LP68227672,2023-12-19,56.379
LP68227672,2023-12-20,56.6033
LP68227672,2023-12-21,56.233
LP68227672,2023-12-22,56.1238
LP68227672,2023-12-25,56.1238
LP68227672,2023-12-26,56.1238
LP68227672,2023-12-27,56.2796
LP68227672,2023-12-28,56.0734
LP68227672,2023-12-29,56.4902
LP68227672,2024-01-01,56.4902
LP68227672,2024-01-02,56.3337
LP68227672,2024-01-03,56.2786
LP68227672,2024-01-04,55.9513
LP68227672,2024-01-05,55.8405
LP68227672,2024-01-08,55.8101
LP68227672,2024-01-09,56.2795
LP68227672,2024-01-10,56.5287
LP68227672,2024-01-11,56.8364
LP68227672,2024-01-12,56.7639
LP68227672,2024-01-15,56.7154
LP68227672,2024-01-16,56.9564
LP68227672,2024-01-17,56.6693
LP68227672,2024-01-18,56.6694
LP68227672,2024-01-19,57.2201
LP68227672,2024-01-22,57.2679
LP68227672,2024-01-23,57.1429
LP68227672,2024-01-24,57.7799
LP68227672,2024-01-25,57.4108
LP68227672,2024-01-26,58.1742
LP68227672,2024-01-29,58.814
LP68227672,2024-01-30,59.1096
LP68227672,2024-01-31,59.0617
LP68227672,2024-02-01,59.3358
LP68227672,2024-02-02,60.4218
LP68227672,2024-02-05,60.962
LP68227672,2024-02-06,61.0465
LP68227672,2024-02-07,61.1065
LP68227672,2024-02-08,61.4908
LP68227672,2024-02-09,61.5186
LP68227672,2024-02-12,61.4655
LP68227672,2024-02-13,61.1411
LP68227672,2024-02-14,61.1962
LP68227672,2024-02-15,61.5233
LP68227672,2024-02-16,61.7362
LP68227672,2024-02-19,61.3956
LP68227672,2024-02-20,61.2528
LP68227672,2024-02-21,61.0966
LP68227672,2024-02-22,61.8914
LP68227672,2024-02-23,62.2249
LP68227672,2024-02-26,62.0746
LP68227672,2024-02-27,61.6841
LP68227672,2024-02-28,61.7566
LP68227672,2024-02-29,61.5717
LP68227672,2024-03-01,61.9623
LP68227672,2024-03-04,62.2278
LP68227672,2024-03-05,61.9824
LP68227672,2024-03-06,61.4831
LP68227672,2024-03-07,61.7522
LP68227672,2024-03-08,62.261
LP68227672,2024-03-11,62.3485
LP68227672,2024-03-12,61.9319
LP68227672,2024-03-13,62.4687
LP68227672,2024-03-14,62.7552
LP68227672,2024-03-15,62.6515
LP68227672,2024-03-18,62.2652
LP68227672,2024-03-19,62.3533
LP68227672,2024-03-20,62.6276
LP68227672,2024-03-21,62.5352
LP68227672,2024-03-22,62.8426
LP68227672,2024-03-25,62.4542
LP68227672,2024-03-26,62.5026
LP68227672,2024-03-27,62.4867
LP68227672,2024-03-28,62.9141
LP68227672,2024-03-29,62.9141
LP68227672,2024-04-01,62.9141
LP68227672,2024-04-02,62.7696
LP68227672,2024-04-03,62.2767
LP68227672,2024-04-04,62.021
LP68227672,2024-04-05,61.5332
LP68227672,2024-04-08,61.8016
LP68227672,2024-04-09,61.5962
LP68227672,2024-04-10,61.9648
LP68227672,2024-04-11,61.9884
LP68227672,2024-04-12,62.5772
LP68227672,2024-04-15,62.1327
LP68227672,2024-04-16,61.3469
LP68227672,2024-04-17,61.6685
LP68227672,2024-04-18,61.1278
LP68227672,2024-04-19,60.9667
LP68227672,2024-04-22,61.1087
LP68227672,2024-04-23,61.5587
LP68227672,2024-04-24,62.3532
LP68227672,2024-04-25,61.0227
LP68227672,2024-04-26,61.7738
LP68227672,2024-04-29,61.4823
LP68227672,2024-04-30,61.5187
LP68227672,2024-05-01,61.5187
LP68227672,2024-05-02,61.2021
LP68227672,2024-05-03,60.7282
LP68227672,2024-05-06,61.1615
LP68227672,2024-05-07,61.2984
LP68227672,2024-05-08,61.9416
LP68227672,2024-05-09,61.9416
LP68227672,2024-05-10,62.495
LP68227672,2024-05-13,63.1125
LP68227672,2024-05-14,62.8525
LP68227672,2024-05-15,62.8295
LP68227672,2024-05-16,63.2519
LP68227672,2024-05-17,63.3603
LP68227672,2024-05-20,63.3603
LP68227672,2024-05-21,63.0463
LP68227672,2024-05-22,63.1547
LP68227672,2024-05-23,63.5807
LP68227672,2024-05-24,62.8269
LP68227672,2024-05-27,62.7222
LP68227672,2024-05-28,62.6639
LP68227672,2024-05-29,61.9492
LP68227672,2024-05-30,61.7816
LP68227672,2024-05-31,61.4326
LP68227672,2024-06-03,62.0215
LP68227672,2024-06-04,61.8607
LP68227672,2024-06-05,62.5388
LP68227672,2024-06-06,62.9901
LP68227672,2024-06-07,63.065
LP68227672,2024-06-10,63.5905
LP68227672,2024-06-11,63.5464
LP68227672,2024-06-12,63.7866
LP68227672,2024-06-13,63.5878
LP68227672,2024-06-14,63.4718
LP68227672,2024-06-17,63.852
LP68227672,2024-06-18,63.7785
LP68227672,2024-06-19,63.5838
LP68227672,2024-06-20,63.883
LP68227672,2024-06-21,63.8102
LP68227672,2024-06-24,63.8197
LP68227672,2024-06-25,64.046
LP68227672,2024-06-26,64.0133
LP68227672,2024-06-27,63.699
LP68227672,2024-06-28,63.4439
LP68227672,2024-07-01,62.7611
LP68227672,2024-07-02,62.3655
LP68227672,2024-07-03,62.6253
LP68227672,2024-07-04,62.3762
LP68227672,2024-07-05,62.3687
LP68227672,2024-07-08,62.9335
LP68227672,2024-07-09,62.5912
LP68227672,2024-07-10,62.2527
LP68227672,2024-07-11,62.5599
LP68227672,2024-07-12,62.2926
LP68227672,2024-07-15,62.5222
LP68227672,2024-07-16,62.0571
LP68227672,2024-07-17,61.6352
LP68227672,2024-07-18,61.9313
LP68227672,2024-07-19,61.3868
LP68227672,2024-07-22,61.7017
LP68227672,2024-07-23,62.0985
LP68227672,2024-07-24,61.2355
LP68227672,2024-07-25,60.7474
LP68227672,2024-07-26,60.879
LP68227672,2024-07-29,61.4137
LP68227672,2024-07-30,61.5029
LP68227672,2024-07-31,61.6391
LP68227672,2024-08-01,62.2931
LP68227672,2024-08-02,61.4829
LP68227672,2024-08-05,59.412
LP68227672,2024-08-06,59.7947
LP68227672,2024-08-07,60.6443
LP68227672,2024-08-08,59.9353
LP68227672,2024-08-09,61.0794
LP68227672,2024-08-12,61.2028
LP68227672,2024-08-13,60.7706
LP68227672,2024-08-14,61.1062
LP68227672,2024-08-15,61.1062
LP68227672,2024-08-16,62.032
LP68227672,2024-08-19,61.769
LP68227672,2024-08-20,61.9584
LP68227672,2024-08-21,61.8679
LP68227672,2024-08-22,62.1411
LP68227672,2024-08-23,62.2848
LP68227672,2024-08-26,61.96
LP68227672,2024-08-27,61.6301
LP68227672,2024-08-28,62.1233
LP68227672,2024-08-29,62.2969
LP68227672,2024-08-30,62.7948
LP68227672,2024-09-02,62.7395
LP68227672,2024-09-03,62.9136
LP68227672,2024-09-04,62.1768
LP68227672,2024-09-05,61.9439
LP68227672,2024-09-06,61.458
LP68227672,2024-09-09,61.8881
LP68227672,2024-09-10,61.9136
LP68227672,2024-09-11,62.0775
LP68227672,2024-09-12,62.4438
LP68227672,2024-09-13,62.4407
LP68227672,2024-09-16,62.7997
LP68227672,2024-09-17,62.8741
LP68227672,2024-09-18,62.5742
LP68227672,2024-09-19,62.932
LP68227672,2024-09-20,62.7875
LP68227672,2024-09-23,62.6169
LP68227672,2024-09-24,62.6379
LP68227672,2024-09-25,62.4922
LP68227672,2024-09-26,62.994
LP68227672,2024-09-27,63.0595
LP68227672,2024-09-30,62.8808
LP68227672,2024-10-01,63.4543
LP68227672,2024-10-02,63.058
LP68227672,2024-10-03,62.8476
LP68227672,2024-10-04,62.7604
LP68227672,2024-10-07,63.1336
LP68227672,2024-10-08,62.5791
LP68227672,2024-10-09,63.0764
LP68227672,2024-10-10,63.4229
LP68227672,2024-10-11,63.4328
LP68227672,2024-10-14,63.8245
LP68227672,2024-10-15,64.08
LP68227672,2024-10-16,63.7485
LP68227672,2024-10-17,63.9642
LP68227672,2024-10-18,63.8458
LP68227672,2024-10-21,63.7934
LP68227672,2024-10-22,63.4731
LP68227672,2024-10-23,64.0256
LP68227672,2024-10-24,63.8135
LP68227672,2024-10-25,63.3846
LP68227672,2024-10-28,63.3624
LP68227672,2024-10-29,63.3231
LP68227672,2024-10-30,63.4833
LP68227672,2024-10-31,62.5167
LP68227672,2024-11-01,62.5167
LP68227672,2024-11-04,62.6003
LP68227672,2024-11-05,62.429
LP68227672,2024-11-06,64.3613
LP68227672,2024-11-07,63.8477
LP68227672,2024-11-08,63.8262
LP68227672,2024-11-11,64.8353
LP68227672,2024-11-12,64.6671
LP68227672,2024-11-13,64.4968
LP68227672,2024-11-14,65.2357
LP68227672,2024-11-15,64.2801
LP68227672,2024-11-18,63.8996
LP68227672,2024-11-19,63.5717
LP68227672,2024-11-20,63.8975
LP68227672,2024-11-21,63.9889
LP68227672,2024-11-22,64.8789
LP68227672,2024-11-25,65.0979
LP68227672,2024-11-26,65.3224
LP68227672,2024-11-27,65.3868
LP68227672,2024-11-28,65.3235
LP68227672,2024-11-29,65.2089
LP68227672,2024-12-02,65.798
LP68227672,2024-12-03,66.319
LP68227672,2024-12-04,66.3899
LP68227672,2024-12-05,66.3061
LP68227672,2024-12-06,66.118
LP68227672,2024-12-09,66.5657
LP68227672,2024-12-10,66.7393
LP68227672,2024-12-11,66.8211
LP68227672,2024-12-12,66.9147
LP68227672,2024-12-13,66.8366
LP68227672,2024-12-16,66.4948
LP68227672,2024-12-17,66.4176
LP68227672,2024-12-18,66.457
LP68227672,2024-12-19,65.3615
LP68227672,2024-12-20,63.7905
LP68227672,2024-12-23,64.6244
LP68227672,2024-12-24,64.6244
LP68227672,2024-12-25,64.6244
LP68227672,2024-12-26,64.6244
LP68227672,2024-12-27,64.8897
LP68227672,2024-12-30,64.4545
LP68227672,2024-12-31,64.1797
LP68227672,2025-01-01,64.1797
LP68227672,2025-01-02,64.6554
LP68227672,2025-01-03,64.3982
LP68227672,2025-01-06,64.377
LP68227672,2025-01-07,64.1333
LP68227672,2025-01-08,64.4085
LP68227672,2025-01-09,64.5918
LP68227672,2025-01-10,64.7107
LP68227672,2025-01-13,64.216
LP68227672,2025-01-14,64.6006
LP68227672,2025-01-15,64.1857
LP68227672,2025-01-16,64.9638
LP68227672,2025-01-17,65.34
LP68227672,2025-01-20,65.1471
LP68227672,2025-01-21,65.1237
LP68227672,2025-01-22,65.6849
LP68227672,2025-01-23,65.9219
LP68227672,2025-01-24,66.5319
LP68227672,2025-01-27,65.2226
LP68227672,2025-01-28,67.4172
LP68227672,2025-01-29,67.3188
LP68227672,2025-01-30,67.1571
LP68227672,2025-01-31,67.7971
LP68227672,2025-02-03,67.1649
LP68227672,2025-02-04,67.7268
LP68227672,2025-02-05,67.1314
LP68227672,2025-02-06,67.9226
LP68227672,2025-02-07,68.3443
LP68227672,2025-02-10,68.4138
LP68227672,2025-02-11,68.0724
LP68227672,2025-02-12,67.6171
LP68227672,2025-02-13,67.1226
LP68227672,2025-02-14,67.0406
LP68227672,2025-02-17,66.5402
LP68227672,2025-02-18,66.7052
LP68227672,2025-02-19,66.9347
LP68227672,2025-02-20,67.0372
LP68227672,2025-02-21,67.1685
LP68227672,2025-02-24,67.1448
LP68227672,2025-02-25,67.0707
LP68227672,2025-02-26,67.2276
LP68227672,2025-02-27,67.2341
LP68227672,2025-02-28,66.9341
LP68227672,2025-03-03,67.3885
LP68227672,2025-03-04,66.4414
LP68227672,2025-03-05,65.4301
LP68227672,2025-03-06,64.6219
LP68227672,2025-03-07,63.9436
LP68227672,2025-03-10,63.4069
LP68227672,2025-03-11,62.4855
LP68227672,2025-03-12,61.7853
LP68227672,2025-03-13,61.3344
LP68227672,2025-03-14,60.9823
LP68227672,2025-03-17,61.5617
LP68227672,2025-03-18,61.9406
LP68227672,2025-03-19,61.5249
LP68227672,2025-03-20,61.8247
LP68227672,2025-03-21,61.2429
LP68227672,2025-03-24,61.7618
LP68227672,2025-03-25,62.1664
LP68227672,2025-03-26,61.8963
LP68227672,2025-03-27,61.4813
LP68227672,2025-03-28,61.6809
LP68227672,2025-03-31,60.0342
LP68227672,2025-04-01,60.9935
LP68227672,2025-04-02,60.8661
LP68227672,2025-04-03,58.8219
LP68227672,2025-04-04,57.3902
LP68227672,2025-04-07,54.5928
LP68227672,2025-04-08,56.1406
LP68227672,2025-04-09,54.1376
LP68227672,2025-04-10,57.3659
LP68227672,2025-04-11,55.5975
LP68227672,2025-04-14,56.3249
LP68227672,2025-04-15,56.4579
LP68227672,2025-04-16,55.5184
LP68227672,2025-04-17,55.1245
LP68227672,2025-04-18,55.1245
LP68227672,2025-04-21,55.1245
LP68227672,2025-04-22,54.1229
LP68227672,2025-04-23,56.3623
LP68227672,2025-04-24,56.4774
LP68227672,2025-04-25,57.2235
LP68227672,2025-04-28,57.3269
LP68227672,2025-04-29,57.2886
LP68227672,2025-04-30,57.8376
LP68227672,2025-05-01,57.8376
LP68227672,2025-05-02,58.9043
LP68227672,2025-05-05,59.3299
LP68227672,2025-05-06,59.3225
LP68227672,2025-05-07,59.2119
LP68227672,2025-05-08,59.8306
LP68227672,2025-05-09,59.8306
LP68227672,2025-05-12,61.457
LP68227672,2025-05-13,61.831
LP68227672,2025-05-14,61.3364
LP68227672,2025-05-15,60.9848
LP68227672,2025-05-16,61.8018
LP68227672,2025-05-19,61.2191
LP68227672,2025-05-20,62.1795
LP68227672,2025-05-21,61.412
LP68227672,2025-05-22,61.1349
LP68227672,2025-05-23,60.932
LP68227672,2025-05-26,60.9685
LP68227672,2025-05-27,61.2703
LP68227672,2025-05-28,61.7758
LP68227672,2025-05-29,61.7758
LP68227672,2025-05-30,61.5694
LP68227672,2025-06-02,61.0172
LP68227672,2025-06-03,61.3359
LP68227672,2025-06-04,61.8604
LP68227672,2025-06-05,62.0349
LP68227672,2025-06-06,61.8323
LP68227672,2025-06-09,61.8323
LP68227672,2025-06-10,62.1092
LP68227672,2025-06-11,62.2352
LP68227672,2025-06-12,61.2522
LP68227672,2025-06-13,61.224
LP68227672,2025-06-16,61.0079
LP68227672,2025-06-17,60.6066
LP68227672,2025-06-18,60.7432
LP68227672,2025-06-19,60.3803
LP68227672,2025-06-20,60.1686
LP68227672,2025-06-23,60.1686
LP68227672,2025-06-24,60.5373
LP68227672,2025-06-25,60.5159
LP68227672,2025-06-26,59.725
LP68227672,2025-06-27,60.2745
LP68227672,2025-06-30,60.8151
LP68227672,2025-07-01,60.3135
LP68227672,2025-07-02,60.7902
LP68227672,2025-07-03,60.6221
LP68227672,2025-07-04,60.7064
LP68227672,2025-07-07,61.0984
LP68227672,2025-07-08,61.0116
LP68227672,2025-07-09,61.1703
LP68227672,2025-07-10,61.342
LP68227672,2025-07-11,61.2858
LP68227672,2025-07-14,60.6616
LP68227672,2025-07-15,60.7805
LP68227672,2025-07-16,60.3828
LP68227672,2025-07-17,60.4732
LP68227672,2025-07-18,60.3447
LP68227672,2025-07-21,60.1218
LP68227672,2025-07-22,59.7707
LP68227672,2025-07-23,60.1548
LP68227672,2025-07-24,60.3566
LP68227672,2025-07-25,60.4831
LP68227672,2025-07-28,61.3069
LP68227672,2025-07-29,61.3971
LP68227672,2025-07-30,60.8263
LP68227672,2025-07-31,62.0452
LP68227672,2025-08-01,60.2169
LP68227672,2025-08-04,59.6529
LP68227672,2025-08-05,60.6427
LP68227672,2025-08-06,59.792
LP68227672,2025-08-07,59.8683
LP68227672,2025-08-08,59.7665
LP68227672,2025-08-11,59.9126
LP68227672,2025-08-12,59.7827
LP68227672,2025-08-13,60.1559
LP68227672,2025-08-14,60.5618
LP68227672,2025-08-15,60.5618
LP68227672,2025-08-18,60.6111
LP68227672,2025-08-19,60.5152
LP68227672,2025-08-20,60.9255
LP68227672,2025-08-21,60.9259
LP68227672,2025-08-22,61.1073
LP68227672,2025-08-25,61.2195
LP68227672,2025-08-26,61.0253
LP68227672,2025-08-27,61.2893
LP68227672,2025-08-28,61.1008
LP68227672,2025-08-29,60.9501
LP68227672,2025-09-01,60.9442
LP68227672,2025-09-02,60.9468
LP68227672,2025-09-03,61.1391
LP68227672,2025-09-04,60.9831
LP68227672,2025-09-05,61.0549
LP68227672,2025-09-08,60.898
LP68227672,2025-09-09,60.8513
LP68227672,2025-09-10,61.0625
LP68227672,2025-09-11,60.3995
LP68227672,2025-09-12,60.699
LP68227672,2025-09-15,60.5906
LP68227672,2025-09-16,60.3239
LP68227672,2025-09-17,60.0946
LP68227672,2025-09-18,60.7242
LP68227672,2025-09-19,60.8043
LP68227672,2025-09-22,60.4736
LP68227672,2025-09-23,60.2713
LP68227672,2025-09-24,60.0877
LP68227672,2025-09-25,59.5174
LP68227672,2025-09-26,59.5597
LP68227672,2025-09-29,59.7262
LP68227672,2025-09-30,59.296
LP68227672,2025-10-01,59.719
LP68227672,2025-10-02,60.1919
LP68227672,2025-10-03,60.5239
LP68227672,2025-10-06,60.8886
LP68227672,2025-10-07,60.9354
LP68227672,2025-10-08,61.0168
LP68227672,2025-10-09,61.1521
LP68227672,2025-10-10,61.0988
LP68227672,2025-10-13,60.6192
LP68227672,2025-10-14,60.1025
LP68227672,2025-10-15,61.0256
LP68227672,2025-10-16,60.9315
LP68227672,2025-10-17,60.2783
LP68227672,2025-10-20,61.2192
LP68227672,2025-10-21,61.8627
LP68227672,2025-10-22,61.817
LP68227672,2025-10-23,62.0865
LP68227672,2025-10-24,62.113
LP68227672,2025-10-27,62.3074
LP68227672,2025-10-28,62.0388
LP68227672,2025-10-29,61.6502
LP68227672,2025-10-30,60.9216
LP68227672,2025-10-31,60.7911
LP68227672,2025-11-03,61.1468
LP68227672,2025-11-04,60.7445
LP68227672,2025-11-05,61.2376
LP68227672,2025-11-06,61.2164
LP68227672,2025-11-07,60.3476
LP68227672,2025-11-10,61.1686
LP68227672,2025-11-11,60.8525
LP68227672,2025-11-12,61.7704
LP68227672,2025-11-13,61.5239
LP68227672,2025-11-14,60.4543
LP68227672,2025-11-17,60.6098
LP68227672,2025-11-18,59.8083
LP68227672,2025-11-19,59.9135
LP68227672,2025-11-20,60.5604
LP68227672,2025-11-21,60.1523
LP68227672,2025-11-24,61.2452
LP68227672,2025-11-25,61.7431
LP68227672,2025-11-26,62.8143
LP68227672,2025-11-27,62.364
LP68227672,2025-11-28,62.693
LP68227672,2025-12-01,62.3115
LP68227672,2025-12-02,62.255
LP68227672,2025-12-03,61.6537
LP68227672,2025-12-04,61.657
LP68227672,2025-12-05,61.6464
LP68227672,2025-12-08,61.4727
LP68227672,2025-12-09,60.6312
LP68227672,2025-12-10,60.5433
LP68227672,2025-12-11,60.6263
LP68227672,2025-12-12,61.1694
LP68227672,2025-12-15,61.4378
LP68227672,2025-12-16,61.1257
LP68227672,2025-12-17,61.1068
LP68227672,2025-12-18,61.1312
LP68227672,2025-12-19,60.9854
LP68227672,2025-12-22,61.0184
LP68227672,2025-12-23,61.035
LP68227672,2025-12-24,61.035
LP68227672,2025-12-25,61.035
LP68227672,2025-12-26,61.035
LP68227672,2025-12-29,61.2874
LP68227672,2025-12-30,61.3198
LP68227672,2025-12-31,61.3119
LP68227672,2026-01-01,61.3119
LP68227672,2026-01-02,61.3726
LP68227672,2026-01-05,61.1311
LP68227672,2026-01-06,61.6132
LP68227672,2026-01-07,62.4088
LP68227672,2026-01-08,62.1497
LP68227672,2026-01-09,63.1822
LP68227672,2026-01-12,63.2062
LP68227672,2026-01-13,63.2709
LP68227672,2026-01-14,62.8242
LP68227672,2026-01-15,63.0984
LP68227672,2026-01-16,63.1045
LP68227672,2026-01-19,62.1458
LP68227672,2026-01-20,61.3367
LP68227672,2026-01-21,61.3186
LP68227672,2026-01-22,62.2969
LP68227672,2026-01-23,62.4863
LP68227672,2026-01-26,61.8887
LP68227672,2026-01-27,62.1148
LP68227672,2026-01-28,61.3811
LP68227672,2026-01-29,61.3374
LP68227672,2026-01-30,61.0359
LP68227672,2026-02-02,61.3402
LP68227672,2026-02-03,61.7863
LP68227672,2026-02-04,60.8184
LP68227672,2026-02-05,61.0157
LP68227672,2026-02-06,60.9129
LP68227672,2026-02-09,60.5118
LP68227672,2026-02-10,59.9333
LP68227672,2026-02-11,60.2697
LP68227672,2026-02-12,60.2929
LP68227672,2026-02-13,59.6133
LP68227672,2026-02-16,59.7647
LP68227672,2026-02-17,59.6363
LP68227672,2026-02-18,59.6787
LP68227672,2026-02-19,59.9386
LP68227672,2026-02-20,60.1511
LP68227672,2026-02-23,60.0734
LP68227672,2026-02-24,59.7439
LP68227672,2026-02-25,59.7839
LP68227672,2026-02-26,59.978
LP68227672,2026-02-27,60.0737
LP68227672,2026-03-02,59.7322
LP68227672,2026-03-03,58.8712
LP68227672,2026-03-04,59.3925
LP68227672,2026-03-05,59.4846
LP68227672,2026-03-06,58.8353
LP68227672,2026-03-09,57.6982
LP68227672,2026-03-10,58.3093
LP68227672,2026-03-11,57.9826
LP68227672,2026-03-12,57.4992
LP68227672,2026-03-13,56.9606
LP68227672,2026-03-16,56.9397
LP68227672,2026-03-17,57.0568
LP68227672,2026-03-18,57.1703
LP68227672,2026-03-19,56.0705
LP68227672,2026-03-20,55.5206
LP68227672,2026-03-23,55.866
LP68227672,2026-03-24,55.4923
LP68227672,2026-03-25,55.327
LP68227672,2026-03-26,55.0312
LP68227672,2026-03-27,54.8164
LP68227672,2026-03-30,54.3655
LP68227672,2026-03-31,54.9793
LP68227672,2026-04-01,55.1383
LP68227672,2026-04-02,54.7586
LP68227672,2026-04-03,54.7586
LP68227672,2026-04-06,54.7586
LP68227672,2026-04-07,55.5318
LP68227672,2026-04-08,56.3137
LP68227672,2026-04-09,56.1798
LP68227672,2026-04-10,56.4883
LP68227672,2026-04-13,55.6019
LP68227672,2026-04-14,56.3315
LP68227672,2026-04-15,57.0119
LP68227672,2026-04-16,57.1872
LP68227672,2026-04-17,57.1724
LP68227672,2026-04-20,57.8507
LP68227672,2026-04-21,58.0346
LP68227672,2026-04-22,57.3844
LP68227672,2026-04-23,57.758
LP68227672,2026-04-24,57.4299
LP68227672,2026-04-27,57.5312
LP68227672,2026-04-28,57.4199
LP68227672,2026-04-29,57.308
LP68227672,2026-04-30,56.9796
LP68227672,2026-05-01,56.9796
LP68227672,2026-05-04,57.4562
LP68227672,2026-05-05,57.4183
LP68227672,2026-05-06,58.3393
LP68227672,2026-05-07,58.609
LP68227672,2026-05-08,58.4829
LP68227672,2026-05-11,57.5411
LP68227672,2026-05-12,57.1525
LP68227672,2026-05-13,57.5787
LP68227672,2026-05-14,57.5787
LP68227672,2026-05-15,57.834
LP68227672,2026-05-18,57.907
LP68227672,2026-05-19,59.0054
LP68227672,2026-05-20,58.8231
LP68227672,2026-05-21,59.1201
LP68227672,2026-05-22,59.1928
LP68227672,2026-05-25,59.1928
LP68227672,2026-05-26,59.4405
LP68227672,2026-05-27,59.4373
LP68227672,2026-05-28,59.6006
LP68227672,2026-05-29,60.0942
LP68227672,2026-06-01,60.3416
LP68227672,2026-06-02,59.8245
LP68227672,2026-06-03,59.4396
LP68227672,2026-06-04,59.4968
LP68227672,2026-06-05,59.9618
LP68227672,2026-06-08,59.9947
LP68227672,2026-06-09,59.6644
LP68227672,2026-06-10,59.5427
LP68227672,2026-06-11,59.5806
LP68227672,2026-06-12,59.4003
LP68227672,2026-06-15,59.9805
LP68227672,2026-06-16,59.9128
LP68227672,2026-06-17,60.1393
LP68227672,2026-06-18,59.6234
LP68227672,2026-06-19,59.6405
LP68227672,2026-06-22,59.6731
LP68227672,2026-06-23,59.6731
LP68227672,2026-06-24,59.7717
LP68227672,2026-06-25,60.0111
LP68227672,2026-06-26,59.4764
LP68227672,2026-06-29,60.2406
LP68227672,2026-06-30,60.3016
LP68227672,2026-07-01,60.2764
LP68227672,2026-07-02,60.8601
LP68227672,2026-07-03,61.1944
LP68227672,2026-07-06,61.5504
LP68227672,2026-07-07,61.4586
LP68227672,2026-07-08,60.8278
LP68227672,2026-07-09,60.5454
LP68227672,2026-07-10,61.0333
LP68227672,2026-07-13,60.9473
LP68227672,2026-07-14,60.7224
LP68227672,2026-07-15,60.537
LP68227672,2026-07-16,60.565
LP68227672,2026-07-17,60.6044
LP68227672,2026-07-20,60.3266
LP68227672,2026-07-21,60.3897
LP68227672,2026-07-22,59.9448
LP68227672,2026-07-23,59.1776
LP68227672,2026-07-24,59.1108
LP68227672,2026-07-27,59.8094
LP68227672,2026-07-28,60.2799
LP68227672,2026-07-29,61.0091
LP68227672,2026-07-30,60.8741
LP68227672,2026-07-31,60.7609
LP68227672,2026-08-03,61.0233
LP68227672,2026-08-04,61.223
LP68227672,2026-08-05,62.2867
LP68227672,2026-08-06,62.012
LP68227672,2026-08-07,62.3075
LP68227672,2026-08-10,62.4044
LP68227672,2026-08-11,62.6854
LP68227672,2026-08-12,62.5806
LP68227672,2026-08-13,62.1944
LP68227672,2026-08-14,62.7082
LP68227672,2026-08-17,62.1365
LP68227672,2026-08-18,61.059
LP68227672,2026-08-19,60.8787
LP68227672,2026-08-20,60.9642
LP68227672,2026-08-21,60.6716
LP68227672,2026-08-24,60.9467
LP68227672,2026-08-25,61.6241
LP68227672,2026-08-26,61.6362
LP68227672,2026-08-27,61.86
LP68227672,2026-08-28,62.0372
LP68227672,2026-08-31,62.1314
LP68227672,2026-09-01,61.3966
LP68227672,2026-09-02,60.8916
LP68227672,2026-09-03,61.1569
LP68227672,2026-09-04,61.2751
LP68227672,2026-09-07,60.7547
LP68227672,2026-09-08,60.6621
LP68227672,2026-09-09,59.6955
LP68227672,2026-09-10,59.356
LP68227672,2026-09-11,59.455
LP68227672,2026-09-14,60.1073
LP68227672,2026-09-15,60.3266
LP68227672,2026-09-16,60.4708
LP68227672,2026-09-17,60.7592
LP68227672,2026-09-18,60.6904
LP68227672,2026-09-21,60.5261
LP68227672,2026-09-22,61.2605
LP68227672,2026-09-23,61.1017
LP68227672,2026-09-24,60.9922
LP68227672,2026-09-25,61.2858
LP68227672,2026-09-28,61.2349
LP68227672,2026-09-29,61.5888
LP68257931,2023-01-02,232.83
LP68257931,2023-01-03,234.92
LP68257931,2023-01-04,236.02
LP68257931,2023-01-05,235.06
LP68257931,2023-01-06,238.35
LP68257931,2023-01-09,236.59
LP68257931,2023-01-10,237.41
LP68257931,2023-01-11,239.64
LP68257931,2023-01-12,240.21
LP68257931,2023-01-13,241.13
LP68257931,2023-01-16,241.12
LP68257931,2023-01-17,241.82
LP68257931,2023-01-18,239.16
LP68257931,2023-01-19,237.57
LP68257931,2023-01-20,240.19
LP68257931,2023-01-23,242.08
LP68257931,2023-01-24,241.92
LP68257931,2023-01-25,241.37
LP68257931,2023-01-26,244.3
LP68257931,2023-01-27,245.36
LP68257931,2023-01-30,242.36
LP68257931,2023-01-31,244.84
LP68257931,2023-02-01,245.67
LP68257931,2023-02-02,248.59
LP68257931,2023-02-03,248.11
LP68257931,2023-02-06,248.42
LP68257931,2023-02-07,251.84
LP68257931,2023-02-08,249.45
LP68257931,2023-02-09,247.61
LP68257931,2023-02-10,248.98
LP68257931,2023-02-13,250.35
LP68257931,2023-02-14,250.59
LP68257931,2023-02-15,251.75
LP68257931,2023-02-16,249.79
LP68257931,2023-02-17,249.02
LP68257931,2023-02-20,248.66
LP68257931,2023-02-21,245.0
LP68257931,2023-02-22,245.43
LP68257931,2023-02-23,246.77
LP68257931,2023-02-24,245.29
LP68257931,2023-02-27,245.28
LP68257931,2023-02-28,244.6
LP68257931,2023-03-01,242.39
LP68257931,2023-03-02,244.96
LP68257931,2023-03-03,248.75
LP68257931,2023-03-06,247.46
LP68257931,2023-03-07,246.02
LP68257931,2023-03-08,246.86
LP68257931,2023-03-09,243.52
LP68257931,2023-03-10,237.81
LP68257931,2023-03-13,235.55
LP68257931,2023-03-14,238.52
LP68257931,2023-03-15,239.5
LP68257931,2023-03-16,241.2
LP68257931,2023-03-17,238.55
LP68257931,2023-03-20,238.96
LP68257931,2023-03-21,240.74
LP68257931,2023-03-22,238.02
LP68257931,2023-03-23,236.97
LP68257931,2023-03-24,239.22
LP68257931,2023-03-27,239.83
LP68257931,2023-03-28,238.91
LP68257931,2023-03-29,242.02
LP68257931,2023-03-30,242.18
LP68257931,2023-03-31,245.95
LP68257931,2023-04-03,246.61
LP68257931,2023-04-04,244.19
LP68257931,2023-04-05,244.38
LP68257931,2023-04-06,244.67
LP68257931,2023-04-07,244.67
LP68257931,2023-04-10,244.67
LP68257931,2023-04-11,245.55
LP68257931,2023-04-12,243.85
LP68257931,2023-04-13,245.38
LP68257931,2023-04-14,245.97
LP68257931,2023-04-17,248.18
LP68257931,2023-04-18,247.87
LP68257931,2023-04-19,247.74
LP68257931,2023-04-20,246.23
LP68257931,2023-04-21,246.54
LP68257931,2023-04-24,245.54
LP68257931,2023-04-25,243.62
LP68257931,2023-04-26,241.22
LP68257931,2023-04-27,245.24
LP68257931,2023-04-28,246.41
LP68257931,2023-05-01,246.41
LP68257931,2023-05-02,244.92
LP68257931,2023-05-03,242.73
LP68257931,2023-05-04,242.43
LP68257931,2023-05-05,246.07
LP68257931,2023-05-08,246.41
LP68257931,2023-05-09,246.7
LP68257931,2023-05-10,246.97
LP68257931,2023-05-11,247.58
LP68257931,2023-05-12,248.41
LP68257931,2023-05-15,249.14
LP68257931,2023-05-16,247.76
LP68257931,2023-05-17,250.46
LP68257931,2023-05-18,253.42
LP68257931,2023-05-19,253.27
LP68257931,2023-05-22,253.32
LP68257931,2023-05-23,251.11
LP68257931,2023-05-24,249.09
LP68257931,2023-05-25,250.62
LP68257931,2023-05-26,253.96
LP68257931,2023-05-29,253.99
LP68257931,2023-05-30,253.28
LP68257931,2023-05-31,252.45
LP68257931,2023-06-01,253.62
LP68257931,2023-06-02,257.69
LP68257931,2023-06-05,257.76
LP68257931,2023-06-06,258.81
LP68257931,2023-06-07,257.54
LP68257931,2023-06-08,257.29
LP68257931,2023-06-09,257.93
LP68257931,2023-06-12,260.14
LP68257931,2023-06-13,260.97
LP68257931,2023-06-14,260.65
LP68257931,2023-06-15,261.66
LP68257931,2023-06-16,260.82
LP68257931,2023-06-19,260.23
LP68257931,2023-06-20,259.51
LP68257931,2023-06-21,257.22
LP68257931,2023-06-22,257.36
LP68257931,2023-06-23,256.7
LP68257931,2023-06-26,255.45
LP68257931,2023-06-27,256.65
LP68257931,2023-06-28,258.31
LP68257931,2023-06-29,259.42
LP68257931,2023-06-30,261.81
LP68257931,2023-07-03,262.25
LP68257931,2023-07-04,262.33
LP68257931,2023-07-05,262.17
LP68257931,2023-07-06,259.11
LP68257931,2023-07-07,257.19
LP68257931,2023-07-10,257.15
LP68257931,2023-07-11,258.75
LP68257931,2023-07-12,258.71
LP68257931,2023-07-13,259.81
LP68257931,2023-07-14,258.55
LP68257931,2023-07-17,259.12
LP68257931,2023-07-18,260.83
LP68257931,2023-07-19,262.22
LP68257931,2023-07-20,261.81
LP68257931,2023-07-21,262.53
LP68257931,2023-07-24,263.93
LP68257931,2023-07-25,265.63
LP68257931,2023-07-26,265.1
LP68257931,2023-07-27,265.99
LP68257931,2023-07-28,266.97
LP68257931,2023-07-31,267.77
LP68257931,2023-08-01,267.49
LP68257931,2023-08-02,264.38
LP68257931,2023-08-03,263.51
LP68257931,2023-08-04,261.04
LP68257931,2023-08-07,262.99
LP68257931,2023-08-08,262.97
LP68257931,2023-08-09,261.06
LP68257931,2023-08-10,261.05
LP68257931,2023-08-11,261.1
LP68257931,2023-08-14,263.1
LP68257931,2023-08-15,259.77
LP68257931,2023-08-16,258.58
LP68257931,2023-08-17,256.91
LP68257931,2023-08-18,256.88
LP68257931,2023-08-21,257.69
LP68257931,2023-08-22,258.46
LP68257931,2023-08-23,261.1
LP68257931,2023-08-24,258.49
LP68257931,2023-08-25,260.5
LP68257931,2023-08-28,261.95
LP68257931,2023-08-29,264.94
LP68257931,2023-08-30,263.98
LP68257931,2023-08-31,265.38
LP68257931,2023-09-01,266.82
LP68257931,2023-09-04,267.31
LP68257931,2023-09-05,267.85
LP68257931,2023-09-06,266.31
LP68257931,2023-09-07,265.61
LP68257931,2023-09-08,265.55
LP68257931,2023-09-11,266.63
LP68257931,2023-09-12,266.22
LP68257931,2023-09-13,265.67
LP68257931,2023-09-14,269.7
LP68257931,2023-09-15,267.87
LP68257931,2023-09-18,267.19
LP68257931,2023-09-19,266.36
LP68257931,2023-09-20,264.33
LP68257931,2023-09-21,261.24
LP68257931,2023-09-22,260.74
LP68257931,2023-09-25,262.69
LP68257931,2023-09-26,259.34
LP68257931,2023-09-27,260.76
LP68257931,2023-09-28,261.03
LP68257931,2023-09-29,260.22
LP68257931,2023-10-02,261.12
LP68257931,2023-10-03,257.86
LP68257931,2023-10-04,258.67
LP68257931,2023-10-05,258.27
LP68257931,2023-10-06,260.73
LP68257931,2023-10-09,261.69
LP68257931,2023-10-10,263.11
LP68257931,2023-10-11,263.5
LP68257931,2023-10-12,263.81
LP68257931,2023-10-13,263.04
LP68257931,2023-10-16,263.87
LP68257931,2023-10-17,263.5
LP68257931,2023-10-18,261.23
LP68257931,2023-10-19,258.0
LP68257931,2023-10-20,254.47
LP68257931,2023-10-23,253.08
LP68257931,2023-10-24,255.2
LP68257931,2023-10-25,252.59
LP68257931,2023-10-26,250.97
LP68257931,2023-10-27,249.3
LP68257931,2023-10-30,250.68
LP68257931,2023-10-31,252.88
LP68257931,2023-11-01,256.32
LP68257931,2023-11-02,259.42
LP68257931,2023-11-03,259.48
LP68257931,2023-11-06,259.73
LP68257931,2023-11-07,261.0
LP68257931,2023-11-08,260.59
LP68257931,2023-11-09,259.56
LP68257931,2023-11-10,262.62
LP68257931,2023-11-13,262.5
LP68257931,2023-11-14,264.27
LP68257931,2023-11-15,264.68
LP68257931,2023-11-16,264.23
LP68257931,2023-11-17,265.11
LP68257931,2023-11-20,265.6
LP68257931,2023-11-21,265.1
LP68257931,2023-11-22,267.38
LP68257931,2023-11-23,266.56
LP68257931,2023-11-24,266.4
LP68257931,2023-11-27,266.08
LP68257931,2023-11-28,265.32
LP68257931,2023-11-29,265.63
LP68257931,2023-11-30,268.07
LP68257931,2023-12-01,271.49
LP68257931,2023-12-04,270.73
LP68257931,2023-12-05,270.7
LP68257931,2023-12-06,270.68
LP68257931,2023-12-07,272.35
LP68257931,2023-12-08,273.83
LP68257931,2023-12-11,275.26
LP68257931,2023-12-12,275.32
LP68257931,2023-12-13,277.79
LP68257931,2023-12-14,275.5
LP68257931,2023-12-15,277.07
LP68257931,2023-12-18,277.71
LP68257931,2023-12-19,277.66
LP68257931,2023-12-20,275.24
LP68257931,2023-12-21,276.86
LP68257931,2023-12-22,277.1
LP68257931,2023-12-25,277.1
LP68257931,2023-12-26,277.1
LP68257931,2023-12-27,276.86
LP68257931,2023-12-28,277.1
LP68257931,2023-12-29,277.8
LP68257931,2024-01-01,277.8
LP68257931,2024-01-02,278.29
LP68257931,2024-01-03,276.59
LP68257931,2024-01-04,275.22
LP68257931,2024-01-05,275.21
LP68257931,2024-01-08,278.29
LP68257931,2024-01-09,279.11
LP68257931,2024-01-10,279.12
LP68257931,2024-01-11,279.12
LP68257931,2024-01-12,279.79
LP68257931,2024-01-15,279.74
LP68257931,2024-01-16,279.95
LP68257931,2024-01-17,278.34
LP68257931,2024-01-18,280.48
LP68257931,2024-01-19,282.55
LP68257931,2024-01-22,283.54
LP68257931,2024-01-23,285.28
LP68257931,2024-01-24,284.63
LP68257931,2024-01-25,287.09
LP68257931,2024-01-26,286.78
LP68257931,2024-01-29,290.27
LP68257931,2024-01-30,289.32
LP68257931,2024-01-31,285.8
LP68257931,2024-02-01,288.62
LP68257931,2024-02-02,291.26
LP68257931,2024-02-05,292.05
LP68257931,2024-02-06,292.52
LP68257931,2024-02-07,294.01
LP68257931,2024-02-08,294.01
LP68257931,2024-02-09,294.75
LP68257931,2024-02-12,295.04
LP68257931,2024-02-13,292.93
LP68257931,2024-02-14,295.15
LP68257931,2024-02-15,296.25
LP68257931,2024-02-16,295.61
LP68257931,2024-02-19,295.7
LP68257931,2024-02-20,293.19
LP68257931,2024-02-21,293.49
LP68257931,2024-02-22,298.57
LP68257931,2024-02-23,298.63
LP68257931,2024-02-26,296.86
LP68257931,2024-02-27,297.52
LP68257931,2024-02-28,297.32
LP68257931,2024-02-29,299.0
LP68257931,2024-03-01,301.06
LP68257931,2024-03-04,300.12
LP68257931,2024-03-05,297.66
LP68257931,2024-03-06,298.46
LP68257931,2024-03-07,301.01
LP68257931,2024-03-08,299.22
LP68257931,2024-03-11,298.91
LP68257931,2024-03-12,301.86
LP68257931,2024-03-13,301.07
LP68257931,2024-03-14,301.44
LP68257931,2024-03-15,299.51
LP68257931,2024-03-18,301.37
LP68257931,2024-03-19,303.21
LP68257931,2024-03-20,305.1
LP68257931,2024-03-21,306.95
LP68257931,2024-03-22,307.44
LP68257931,2024-03-25,306.32
LP68257931,2024-03-26,306.05
LP68257931,2024-03-27,308.11
LP68257931,2024-03-28,309.07
LP68257931,2024-03-29,309.07
LP68257931,2024-04-01,309.07
LP68257931,2024-04-02,307.01
LP68257931,2024-04-03,306.01
LP68257931,2024-04-04,302.71
LP68257931,2024-04-05,305.48
LP68257931,2024-04-08,305.07
LP68257931,2024-04-09,305.29
LP68257931,2024-04-10,305.3
LP68257931,2024-04-11,307.51
LP68257931,2024-04-12,306.26
LP68257931,2024-04-15,303.31
LP68257931,2024-04-16,301.3
LP68257931,2024-04-17,299.68
LP68257931,2024-04-18,299.08
LP68257931,2024-04-19,296.43
LP68257931,2024-04-22,299.56
LP68257931,2024-04-23,301.8
LP68257931,2024-04-24,302.16
LP68257931,2024-04-25,299.94
LP68257931,2024-04-26,303.31
LP68257931,2024-04-29,303.68
LP68257931,2024-04-30,300.55
LP68257931,2024-05-01,300.55
LP68257931,2024-05-02,302.17
LP68257931,2024-05-03,303.57
LP68257931,2024-05-06,305.91
LP68257931,2024-05-07,306.96
LP68257931,2024-05-08,307.23
LP68257931,2024-05-09,307.98
LP68257931,2024-05-10,309.19
LP68257931,2024-05-13,308.2
LP68257931,2024-05-14,308.89
LP68257931,2024-05-15,311.39
LP68257931,2024-05-16,310.79
LP68257931,2024-05-17,310.94
LP68257931,2024-05-20,311.71
LP68257931,2024-05-21,312.11
LP68257931,2024-05-22,311.59
LP68257931,2024-05-23,310.08
LP68257931,2024-05-24,310.94
LP68257931,2024-05-27,310.96
LP68257931,2024-05-28,310.38
LP68257931,2024-05-29,309.0
LP68257931,2024-05-30,307.37
LP68257931,2024-05-31,309.14
LP68257931,2024-06-03,309.51
LP68257931,2024-06-04,309.26
LP68257931,2024-06-05,312.35
LP68257931,2024-06-06,312.62
LP68257931,2024-06-07,313.57
LP68257931,2024-06-10,316.01
LP68257931,2024-06-11,316.31
LP68257931,2024-06-12,316.0
LP68257931,2024-06-13,317.15
LP68257931,2024-06-14,318.33
LP68257931,2024-06-17,319.01
LP68257931,2024-06-18,319.82
LP68257931,2024-06-19,319.47
LP68257931,2024-06-20,320.07
LP68257931,2024-06-21,320.17
LP68257931,2024-06-24,318.87
LP68257931,2024-06-25,320.78
LP68257931,2024-06-26,321.31
LP68257931,2024-06-27,320.6
LP68257931,2024-06-28,319.56
LP68257931,2024-07-01,319.73
LP68257931,2024-07-02,321.15
LP68257931,2024-07-03,321.56
LP68257931,2024-07-04,321.94
LP68257931,2024-07-05,322.69
LP68257931,2024-07-08,322.34
LP68257931,2024-07-09,322.81
LP68257931,2024-07-10,325.68
LP68257931,2024-07-11,323.4
LP68257931,2024-07-12,324.43
LP68257931,2024-07-15,324.4
LP68257931,2024-07-16,326.72
LP68257931,2024-07-17,321.85
LP68257931,2024-07-18,319.76
LP68257931,2024-07-19,318.15
LP68257931,2024-07-22,321.29
LP68257931,2024-07-23,322.09
LP68257931,2024-07-24,315.99
LP68257931,2024-07-25,313.67
LP68257931,2024-07-26,316.65
LP68257931,2024-07-29,318.04
LP68257931,2024-07-30,317.24
LP68257931,2024-07-31,321.94
LP68257931,2024-08-01,317.94
LP68257931,2024-08-02,307.88
LP68257931,2024-08-05,296.69
LP68257931,2024-08-06,301.35
LP68257931,2024-08-07,300.64
LP68257931,2024-08-08,306.51
LP68257931,2024-08-09,307.87
LP68257931,2024-08-12,307.3
LP68257931,2024-08-13,311.79
LP68257931,2024-08-14,311.39
LP68257931,2024-08-15,317.01
LP68257931,2024-08-16,318.03
LP68257931,2024-08-19,319.16
LP68257931,2024-08-20,317.6
LP68257931,2024-08-21,318.51
LP68257931,2024-08-22,316.83
LP68257931,2024-08-23,318.72
LP68257931,2024-08-26,318.11
LP68257931,2024-08-27,318.86
LP68257931,2024-08-28,318.48
LP68257931,2024-08-29,320.32
LP68257931,2024-08-30,322.9
LP68257931,2024-09-02,322.6
LP68257931,2024-09-03,317.91
LP68257931,2024-09-04,315.16
LP68257931,2024-09-05,314.38
LP68257931,2024-09-06,308.93
LP68257931,2024-09-09,313.58
LP68257931,2024-09-10,314.79
LP68257931,2024-09-11,317.35
LP68257931,2024-09-12,319.45
LP68257931,2024-09-13,320.17
LP68257931,2024-09-16,319.47
LP68257931,2024-09-17,319.57
LP68257931,2024-09-18,318.79
LP68257931,2024-09-19,323.75
LP68257931,2024-09-20,322.21
LP68257931,2024-09-23,323.6
LP68257931,2024-09-24,324.23
LP68257931,2024-09-25,323.08
LP68257931,2024-09-26,325.45
LP68257931,2024-09-27,325.8
LP68257931,2024-09-30,325.98
LP68257931,2024-10-01,325.9
LP68257931,2024-10-02,326.45
LP68257931,2024-10-03,326.06
LP68257931,2024-10-04,329.51
LP68257931,2024-10-07,327.76
LP68257931,2024-10-08,329.27
LP68257931,2024-10-09,331.9
LP68257931,2024-10-10,332.05
LP68257931,2024-10-11,333.32
LP68257931,2024-10-14,336.28
LP68257931,2024-10-15,334.43
LP68257931,2024-10-16,335.75
LP68257931,2024-10-17,337.6
LP68257931,2024-10-18,338.06
LP68257931,2024-10-21,337.59
LP68257931,2024-10-22,337.6
LP68257931,2024-10-23,335.66
LP68257931,2024-10-24,335.82
LP68257931,2024-10-25,334.67
LP68257931,2024-10-28,336.05
LP68257931,2024-10-29,336.78
LP68257931,2024-10-30,333.76
LP68257931,2024-10-31,328.64
LP68257931,2024-11-01,329.88
LP68257931,2024-11-04,328.02
LP68257931,2024-11-05,331.4
LP68257931,2024-11-06,341.84
LP68257931,2024-11-07,342.74
LP68257931,2024-11-08,345.13
LP68257931,2024-11-11,348.78
LP68257931,2024-11-12,347.79
LP68257931,2024-11-13,347.9
LP68257931,2024-11-14,347.32
LP68257931,2024-11-15,344.59
LP68257931,2024-11-18,344.77
LP68257931,2024-11-19,345.77
LP68257931,2024-11-20,347.18
LP68257931,2024-11-21,349.65
LP68257931,2024-11-22,353.95
LP68257931,2024-11-25,353.07
LP68257931,2024-11-26,353.84
LP68257931,2024-11-27,350.71
LP68257931,2024-11-28,351.43
LP68257931,2024-11-29,353.28
LP68257931,2024-12-02,357.13
LP68257931,2024-12-03,356.42
LP68257931,2024-12-04,358.1
LP68257931,2024-12-05,356.51
LP68257931,2024-12-06,357.23
LP68257931,2024-12-09,354.7
LP68257931,2024-12-10,355.71
LP68257931,2024-12-11,358.86
LP68257931,2024-12-12,357.63
LP68257931,2024-12-13,356.57
LP68257931,2024-12-16,356.9
LP68257931,2024-12-17,355.78
LP68257931,2024-12-18,348.19
LP68257931,2024-12-19,348.97
LP68257931,2024-12-20,350.88
LP68257931,2024-12-23,353.18
LP68257931,2024-12-24,356.01
LP68257931,2024-12-25,356.01
LP68257931,2024-12-26,356.01
LP68257931,2024-12-27,353.13
LP68257931,2024-12-30,351.12
LP68257931,2024-12-31,350.79
LP68257931,2025-01-01,350.79
LP68257931,2025-01-02,353.04
LP68257931,2025-01-03,355.85
LP68257931,2025-01-06,354.93
LP68257931,2025-01-07,352.87
LP68257931,2025-01-08,355.17
LP68257931,2025-01-09,355.02
LP68257931,2025-01-10,351.56
LP68257931,2025-01-13,353.09
LP68257931,2025-01-14,350.66
LP68257931,2025-01-15,356.21
LP68257931,2025-01-16,356.61
LP68257931,2025-01-17,359.54
LP68257931,2025-01-20,356.94
LP68257931,2025-01-21,359.81
LP68257931,2025-01-22,361.15
LP68257931,2025-01-23,363.6
LP68257931,2025-01-24,359.33
LP68257931,2025-01-27,355.88
LP68257931,2025-01-28,360.63
LP68257931,2025-01-29,360.05
LP68257931,2025-01-30,362.01
LP68257931,2025-01-31,361.69
LP68257931,2025-02-03,360.71
LP68257931,2025-02-04,361.24
LP68257931,2025-02-05,362.1
LP68257931,2025-02-06,365.37
LP68257931,2025-02-07,363.3
LP68257931,2025-02-10,366.36
LP68257931,2025-02-11,365.54
LP68257931,2025-02-12,363.77
LP68257931,2025-02-13,366.04
LP68257931,2025-02-14,363.96
LP68257931,2025-02-17,365.09
LP68257931,2025-02-18,366.53
LP68257931,2025-02-19,367.68
LP68257931,2025-02-20,364.47
LP68257931,2025-02-21,360.68
LP68257931,2025-02-24,358.6
LP68257931,2025-02-25,356.28
LP68257931,2025-02-26,356.69
LP68257931,2025-02-27,355.04
LP68257931,2025-02-28,358.8
LP68257931,2025-03-03,352.68
LP68257931,2025-03-04,347.16
LP68257931,2025-03-05,344.35
LP68257931,2025-03-06,338.51
LP68257931,2025-03-07,337.7
LP68257931,2025-03-10,330.52
LP68257931,2025-03-11,325.51
LP68257931,2025-03-12,327.47
LP68257931,2025-03-13,325.5
LP68257931,2025-03-14,330.89
LP68257931,2025-03-17,332.42
LP68257931,2025-03-18,330.04
LP68257931,2025-03-19,334.21
LP68257931,2025-03-20,334.24
LP68257931,2025-03-21,335.28
LP68257931,2025-03-24,339.94
LP68257931,2025-03-25,340.75
LP68257931,2025-03-26,337.92
LP68257931,2025-03-27,336.29
LP68257931,2025-03-28,330.11
LP68257931,2025-03-31,330.03
LP68257931,2025-04-01,331.7
LP68257931,2025-04-02,332.18
LP68257931,2025-04-03,312.23
LP68257931,2025-04-04,297.51
LP68257931,2025-04-07,294.05
LP68257931,2025-04-08,293.25
LP68257931,2025-04-09,308.51
LP68257931,2025-04-10,300.79
LP68257931,2025-04-11,301.03
LP68257931,2025-04-14,303.85
LP68257931,2025-04-15,305.84
LP68257931,2025-04-16,299.69
LP68257931,2025-04-17,300.86
LP68257931,2025-04-18,300.86
LP68257931,2025-04-21,300.86
LP68257931,2025-04-22,298.94
LP68257931,2025-04-23,306.66
LP68257931,2025-04-24,311.09
LP68257931,2025-04-25,313.01
LP68257931,2025-04-28,313.75
LP68257931,2025-04-29,315.28
LP68257931,2025-04-30,316.46
LP68257931,2025-05-01,316.46
LP68257931,2025-05-02,322.5
LP68257931,2025-05-05,321.75
LP68257931,2025-05-06,319.91
LP68257931,2025-05-07,320.04
LP68257931,2025-05-08,323.77
LP68257931,2025-05-09,324.42
LP68257931,2025-05-12,336.13
LP68257931,2025-05-13,337.43
LP68257931,2025-05-14,336.37
LP68257931,2025-05-15,338.25
LP68257931,2025-05-16,341.11
LP68257931,2025-05-19,339.22
LP68257931,2025-05-20,338.42
LP68257931,2025-05-21,332.8
LP68257931,2025-05-22,333.67
LP68257931,2025-05-23,330.41
LP68257931,2025-05-26,330.25
LP68257931,2025-05-27,336.46
LP68257931,2025-05-28,335.41
LP68257931,2025-05-29,335.43
LP68257931,2025-05-30,335.7
LP68257931,2025-06-02,334.67
LP68257931,2025-06-03,337.25
LP68257931,2025-06-04,336.64
LP68257931,2025-06-05,334.94
LP68257931,2025-06-06,339.14
LP68257931,2025-06-09,338.97
LP68257931,2025-06-10,339.82
LP68257931,2025-06-11,337.7
LP68257931,2025-06-12,335.84
LP68257931,2025-06-13,333.26
LP68257931,2025-06-16,335.12
LP68257931,2025-06-17,334.07
LP68257931,2025-06-18,334.42
LP68257931,2025-06-19,334.36
LP68257931,2025-06-20,332.73
LP68257931,2025-06-23,334.14
LP68257931,2025-06-24,336.3
LP68257931,2025-06-25,335.3
LP68257931,2025-06-26,335.72
LP68257931,2025-06-27,337.77
LP68257931,2025-06-30,338.43
LP68257931,2025-07-01,336.88
LP68257931,2025-07-02,338.67
LP68257931,2025-07-03,341.38
LP68257931,2025-07-04,340.31
LP68257931,2025-07-07,339.42
LP68257931,2025-07-08,340.31
LP68257931,2025-07-09,341.83
LP68257931,2025-07-10,343.57
LP68257931,2025-07-11,341.5
LP68257931,2025-07-14,342.41
LP68257931,2025-07-15,342.4
LP68257931,2025-07-16,343.41
LP68257931,2025-07-17,345.78
LP68257931,2025-07-18,344.46
LP68257931,2025-07-21,343.79
LP68257931,2025-07-22,343.08
LP68257931,2025-07-23,346.39
LP68257931,2025-07-24,345.97
LP68257931,2025-07-25,347.54
LP68257931,2025-07-28,349.59
LP68257931,2025-07-29,351.68
LP68257931,2025-07-30,352.37
LP68257931,2025-07-31,351.76
LP68257931,2025-08-01,343.89
LP68257931,2025-08-04,347.86
LP68257931,2025-08-05,347.01
LP68257931,2025-08-06,347.74
LP68257931,2025-08-07,348.3
LP68257931,2025-08-08,349.63
LP68257931,2025-08-11,350.22
LP68257931,2025-08-12,351.98
LP68257931,2025-08-13,352.17
LP68257931,2025-08-14,353.67
LP68257931,2025-08-15,352.04
LP68257931,2025-08-18,353.33
LP68257931,2025-08-19,351.77
LP68257931,2025-08-20,351.54
LP68257931,2025-08-21,351.56
LP68257931,2025-08-22,353.65
LP68257931,2025-08-25,352.75
LP68257931,2025-08-26,354.27
LP68257931,2025-08-27,356.21
LP68257931,2025-08-28,355.71
LP68257931,2025-08-29,352.8
LP68257931,2025-09-01,352.39
LP68257931,2025-09-02,351.16
LP68257931,2025-09-03,352.48
LP68257931,2025-09-04,355.7
LP68257931,2025-09-05,353.05
LP68257931,2025-09-08,353.92
LP68257931,2025-09-09,355.05
LP68257931,2025-09-10,355.84
LP68257931,2025-09-11,358.73
LP68257931,2025-09-12,358.54
LP68257931,2025-09-15,359.12
LP68257931,2025-09-16,355.99
LP68257931,2025-09-17,355.87
LP68257931,2025-09-18,359.34
LP68257931,2025-09-19,361.11
LP68257931,2025-09-22,361.98
LP68257931,2025-09-23,359.76
LP68257931,2025-09-24,360.16
LP68257931,2025-09-25,360.1
LP68257931,2025-09-26,361.41
LP68257931,2025-09-29,361.48
LP68257931,2025-09-30,362.35
LP68257931,2025-10-01,363.95
LP68257931,2025-10-02,365.52
LP68257931,2025-10-03,365.52
LP68257931,2025-10-06,367.31
LP68257931,2025-10-07,367.23
LP68257931,2025-10-08,370.35
LP68257931,2025-10-09,370.58
LP68257931,2025-10-10,361.87
LP68257931,2025-10-13,366.82
LP68257931,2025-10-14,365.08
LP68257931,2025-10-15,366.26
LP68257931,2025-10-16,363.74
LP68257931,2025-10-17,364.38
LP68257931,2025-10-20,369.0
LP68257931,2025-10-21,370.04
LP68257931,2025-10-22,368.23
LP68257931,2025-10-23,369.85
LP68257931,2025-10-24,372.09
LP68257931,2025-10-27,375.81
LP68257931,2025-10-28,375.7
LP68257931,2025-10-29,375.42
LP68257931,2025-10-30,374.96
LP68257931,2025-10-31,376.18
LP68257931,2025-11-03,377.39
LP68257931,2025-11-04,374.38
LP68257931,2025-11-05,375.62
LP68257931,2025-11-06,370.85
LP68257931,2025-11-07,369.64
LP68257931,2025-11-10,375.89
LP68257931,2025-11-11,376.01
LP68257931,2025-11-12,376.94
LP68257931,2025-11-13,370.64
LP68257931,2025-11-14,370.33
LP68257931,2025-11-17,367.56
LP68257931,2025-11-18,363.97
LP68257931,2025-11-19,365.63
LP68257931,2025-11-20,362.58
LP68257931,2025-11-21,365.22
LP68257931,2025-11-24,369.0
LP68257931,2025-11-25,371.26
LP68257931,2025-11-26,373.62
LP68257931,2025-11-27,373.56
LP68257931,2025-11-28,375.35
LP68257931,2025-12-01,372.86
LP68257931,2025-12-02,374.25
LP68257931,2025-12-03,373.91
LP68257931,2025-12-04,374.69
LP68257931,2025-12-05,375.76
LP68257931,2025-12-08,375.12
LP68257931,2025-12-09,374.78
LP68257931,2025-12-10,376.48
LP68257931,2025-12-11,374.23
LP68257931,2025-12-12,371.95
LP68257931,2025-12-15,371.08
LP68257931,2025-12-16,369.73
LP68257931,2025-12-17,366.78
LP68257931,2025-12-18,370.23
LP68257931,2025-12-19,373.41
LP68257931,2025-12-22,374.14
LP68257931,2025-12-23,375.57
LP68257931,2025-12-24,376.14
LP68257931,2025-12-25,376.14
LP68257931,2025-12-26,376.14
LP68257931,2025-12-29,375.63
LP68257931,2025-12-30,375.66
LP68257931,2025-12-31,373.64
LP68257931,2026-01-01,373.64
LP68257931,2026-01-02,374.79
LP68257931,2026-01-05,379.07
LP68257931,2026-01-06,381.76
LP68257931,2026-01-07,380.62
LP68257931,2026-01-08,380.84
LP68257931,2026-01-09,383.94
LP68257931,2026-01-12,383.58
LP68257931,2026-01-13,384.31
LP68257931,2026-01-14,382.9
LP68257931,2026-01-15,385.85
LP68257931,2026-01-16,385.84
LP68257931,2026-01-19,383.65
LP68257931,2026-01-20,374.76
LP68257931,2026-01-21,378.46
LP68257931,2026-01-22,379.79
LP68257931,2026-01-23,379.46
LP68257931,2026-01-26,377.71
LP68257931,2026-01-27,378.1
LP68257931,2026-01-28,377.68
LP68257931,2026-01-29,377.57
LP68257931,2026-01-30,377.08
LP68257931,2026-02-02,381.35
LP68257931,2026-02-03,379.38
LP68257931,2026-02-04,378.25
LP68257931,2026-02-05,374.09
LP68257931,2026-02-06,379.68
LP68257931,2026-02-09,380.2
LP68257931,2026-02-10,379.93
LP68257931,2026-02-11,381.58
LP68257931,2026-02-12,376.55
LP68257931,2026-02-13,377.03
LP68257931,2026-02-16,376.71
LP68257931,2026-02-17,378.12
LP68257931,2026-02-18,380.64
LP68257931,2026-02-19,381.64
LP68257931,2026-02-20,383.12
LP68257931,2026-02-23,379.67
LP68257931,2026-02-24,382.32
LP68257931,2026-02-25,384.61
LP68257931,2026-02-26,383.69
LP68257931,2026-02-27,382.65
LP68257931,2026-03-02,384.58
LP68257931,2026-03-03,381.64
LP68257931,2026-03-04,382.29
LP68257931,2026-03-05,381.72
LP68257931,2026-03-06,377.24
LP68257931,2026-03-09,377.92
LP68257931,2026-03-10,377.99
LP68257931,2026-03-11,379.36
LP68257931,2026-03-12,375.64
LP68257931,2026-03-13,375.16
LP68257931,2026-03-16,377.29
LP68257931,2026-03-17,377.8
LP68257931,2026-03-18,374.21
LP68257931,2026-03-19,371.22
LP68257931,2026-03-20,364.66
LP68257931,2026-03-23,366.54
LP68257931,2026-03-24,366.37
LP68257931,2026-03-25,369.74
LP68257931,2026-03-26,364.79
LP68257931,2026-03-27,360.06
LP68257931,2026-03-30,360.7
LP68257931,2026-03-31,366.92
LP68257931,2026-04-01,369.37
LP68257931,2026-04-02,370.76
LP68257931,2026-04-03,370.76
LP68257931,2026-04-06,370.76
LP68257931,2026-04-07,371.33
LP68257931,2026-04-08,378.78
LP68257931,2026-04-09,380.19
LP68257931,2026-04-10,379.14
LP68257931,2026-04-13,382.23
LP68257931,2026-04-14,384.1
LP68257931,2026-04-15,386.31
LP68257931,2026-04-16,388.07
LP68257931,2026-04-17,391.32
LP68257931,2026-04-20,391.31
LP68257931,2026-04-21,389.21
LP68257931,2026-04-22,392.85
LP68257931,2026-04-23,391.8
LP68257931,2026-04-24,393.43
LP68257931,2026-04-27,393.16
LP68257931,2026-04-28,392.22
LP68257931,2026-04-29,391.68
LP68257931,2026-04-30,395.28
LP68257931,2026-05-01,395.28
LP68257931,2026-05-04,394.91
LP68257931,2026-05-05,397.56
LP68257931,2026-05-06,402.21
LP68257931,2026-05-07,400.62
LP68257931,2026-05-08,402.14
LP68257931,2026-05-11,402.74
LP68257931,2026-05-12,402.99
LP68257931,2026-05-13,406.23
LP68257931,2026-05-14,409.71
LP68257931,2026-05-15,405.99
LP68257931,2026-05-18,405.23
LP68257931,2026-05-19,404.93
LP68257931,2026-05-20,408.35
LP68257931,2026-05-21,410.23
LP68257931,2026-05-22,412.14
LP68257931,2026-05-25,412.18
LP68257931,2026-05-26,414.05
LP68257931,2026-05-27,413.74
LP68257931,2026-05-28,414.27
LP68257931,2026-05-29,415.15
LP68257931,2026-06-01,416.95
LP68257931,2026-06-02,417.54
LP68257931,2026-06-03,415.75
LP68257931,2026-06-04,416.85
LP68257931,2026-06-05,410.03
LP68257931,2026-06-08,410.68
LP68257931,2026-06-09,409.06
LP68257931,2026-06-10,403.79
LP68257931,2026-06-11,410.55
LP68257931,2026-06-12,412.29
LP68257931,2026-06-15,417.56
LP68257931,2026-06-16,415.96
LP68257931,2026-06-17,413.34
LP68257931,2026-06-18,419.52
LP68257931,2026-06-19,419.38
LP68257931,2026-06-22,419.94
LP68257931,2026-06-23,416.24
LP68257931,2026-06-24,416.99
LP68257931,2026-06-25,416.53
LP68257931,2026-06-26,414.87
LP68257931,2026-06-29,418.07
LP68257931,2026-06-30,420.78
LP68257931,2026-07-01,421.02
LP68257931,2026-07-02,420.99
LP68257931,2026-07-03,421.74
LP68257931,2026-07-06,424.84
LP68257931,2026-07-07,422.35
LP68257931,2026-07-08,420.54
LP68257931,2026-07-09,423.1
LP68257931,2026-07-10,424.91
LP68257931,2026-07-13,422.84
LP68257931,2026-07-14,423.27
LP68257931,2026-07-15,425.19
LP68257931,2026-07-16,423.04
LP68257931,2026-07-17,419.07
LP68257931,2026-07-20,419.04
LP68257931,2026-07-21,422.81
LP68257931,2026-07-22,422.73
LP68257931,2026-07-23,419.36
LP68257931,2026-07-24,419.66
LP68257931,2026-07-27,420.53
LP68257931,2026-07-28,420.38
LP68257931,2026-07-29,415.69
LP68257931,2026-07-30,417.98
LP68257931,2026-07-31,420.16
LP68257931,2026-08-03,424.81
LP68257931,2026-08-04,430.71
LP68257931,2026-08-05,430.09
LP68257931,2026-08-06,430.13
LP68257931,2026-08-07,432.33
LP68257931,2026-08-10,432.35
LP68257931,2026-08-11,431.71
LP68257931,2026-08-12,432.8
LP68257931,2026-08-13,434.95
LP68257931,2026-08-14,433.24
LP68257931,2026-08-17,431.21
LP68257931,2026-08-18,428.21
LP68257931,2026-08-19,425.67
LP68257931,2026-08-20,422.56
LP68257931,2026-08-21,424.86
LP68257931,2026-08-24,423.86
LP68257931,2026-08-25,425.27
LP68257931,2026-08-26,426.1
LP68257931,2026-08-27,427.89
LP68257931,2026-08-28,428.2
LP68257931,2026-08-31,426.79
LP68257931,2026-09-01,424.56
LP68257931,2026-09-02,425.65
LP68257931,2026-09-03,429.64
LP68257931,2026-09-04,428.59
LP68257931,2026-09-07,428.53
LP68257931,2026-09-08,426.27
LP68257931,2026-09-09,423.29
LP68257931,2026-09-10,421.2
LP68257931,2026-09-11,424.41
LP68257931,2026-09-14,424.64
LP68257931,2026-09-15,422.47
LP68257931,2026-09-16,421.96
LP68257931,2026-09-17,427.83
LP68257931,2026-09-18,428.01
LP68257931,2026-09-21,432.96
LP68257931,2026-09-22,434.37
LP68257931,2026-09-23,432.5
LP68257931,2026-09-24,432.48
LP68257931,2026-09-25,434.15
LP68257931,2026-09-28,432.5
LP68257931,2026-09-29,432.38
LP68294156,2023-01-02,174.4302
LP68294156,2023-01-03,176.2628
LP68294156,2023-01-04,178.9602
LP68294156,2023-01-05,181.209037
LP68294156,2023-01-06,183.2857
LP68294156,2023-01-09,186.0241
LP68294156,2023-01-10,185.281
LP68294156,2023-01-11,185.264
LP68294156,2023-01-12,187.2487
LP68294156,2023-01-13,187.7405
LP68294156,2023-01-16,189.018
LP68294156,2023-01-17,189.6453
LP68294156,2023-01-18,190.1272
LP68294156,2023-01-19,186.4965
LP68294156,2023-01-20,188.2646
LP68294156,2023-01-23,189.9312
LP68294156,2023-01-24,189.4914
LP68294156,2023-01-25,189.7933
LP68294156,2023-01-26,191.1284
LP68294156,2023-01-27,193.4066
LP68294156,2023-01-30,192.1015
LP68294156,2023-01-31,192.9655
LP68294156,2023-02-01,194.4439
LP68294156,2023-02-02,196.6584
LP68294156,2023-02-03,196.9095
LP68294156,2023-02-06,194.9609
LP68294156,2023-02-07,195.5611
LP68294156,2023-02-08,196.1655
LP68294156,2023-02-09,198.5838
LP68294156,2023-02-10,196.1427
LP68294156,2023-02-13,196.4769
LP68294156,2023-02-14,197.4877
LP68294156,2023-02-15,199.176
LP68294156,2023-02-16,202.0295
LP68294156,2023-02-17,201.2564
LP68294156,2023-02-20,200.8123
LP68294156,2023-02-21,198.9257
LP68294156,2023-02-22,196.9446
LP68294156,2023-02-23,198.1333
LP68294156,2023-02-24,196.1625
LP68294156,2023-02-27,199.6277
LP68294156,2023-02-28,201.0085
LP68294156,2023-03-01,200.9598
LP68294156,2023-03-02,200.7201
LP68294156,2023-03-03,204.4307
LP68294156,2023-03-06,204.8528
LP68294156,2023-03-07,203.1684
LP68294156,2023-03-08,203.6441
LP68294156,2023-03-09,202.0472
LP68294156,2023-03-10,197.9807
LP68294156,2023-03-13,190.0546
LP68294156,2023-03-14,193.5585
LP68294156,2023-03-15,183.9066
LP68294156,2023-03-16,185.4391
LP68294156,2023-03-17,182.0071
LP68294156,2023-03-20,183.5742
LP68294156,2023-03-21,188.1215
LP68294156,2023-03-22,188.1141
LP68294156,2023-03-23,187.5982
LP68294156,2023-03-24,182.4052
LP68294156,2023-03-27,184.7848
LP68294156,2023-03-28,186.4105
LP68294156,2023-03-29,189.0355
LP68294156,2023-03-30,191.5536
LP68294156,2023-03-31,192.8669
LP68294156,2023-04-03,193.2625
LP68294156,2023-04-04,192.1763
LP68294156,2023-04-05,188.5134
LP68294156,2023-04-06,189.2196
LP68294156,2023-04-07,189.2196
LP68294156,2023-04-10,189.1889
LP68294156,2023-04-11,191.901
LP68294156,2023-04-12,191.9644
LP68294156,2023-04-13,192.6832
LP68294156,2023-04-14,194.9346
LP68294156,2023-04-17,195.3639
LP68294156,2023-04-18,197.0102
LP68294156,2023-04-19,196.0001
LP68294156,2023-04-20,192.9854
LP68294156,2023-04-21,191.2221
LP68294156,2023-04-24,191.2064
LP68294156,2023-04-25,188.6967
LP68294156,2023-04-26,188.0305
LP68294156,2023-04-27,188.6914
LP68294156,2023-04-28,190.0703
LP68294156,2023-05-01,190.0703
LP68294156,2023-05-02,187.3297
LP68294156,2023-05-03,186.6947
LP68294156,2023-05-04,184.7897
LP68294156,2023-05-05,188.9593
LP68294156,2023-05-08,190.0858
LP68294156,2023-05-09,189.6425
LP68294156,2023-05-10,188.9605
LP68294156,2023-05-11,188.1779
LP68294156,2023-05-12,188.8666
LP68294156,2023-05-15,189.7915
LP68294156,2023-05-16,189.2058
LP68294156,2023-05-17,190.0817
LP68294156,2023-05-18,191.4252
LP68294156,2023-05-19,191.0832
LP68294156,2023-05-22,192.0963
LP68294156,2023-05-23,191.9049
LP68294156,2023-05-24,188.0973
LP68294156,2023-05-25,187.152
LP68294156,2023-05-26,189.1289
LP68294156,2023-05-29,188.4807
LP68294156,2023-05-30,186.5378
LP68294156,2023-05-31,182.9174
LP68294156,2023-06-01,184.7986
LP68294156,2023-06-02,189.2813
LP68294156,2023-06-05,188.5232
LP68294156,2023-06-06,188.9905
LP68294156,2023-06-07,189.8049
LP68294156,2023-06-08,190.5167
LP68294156,2023-06-09,190.4491
LP68294156,2023-06-12,190.9354
LP68294156,2023-06-13,192.6724
LP68294156,2023-06-14,194.1226
LP68294156,2023-06-15,193.7307
LP68294156,2023-06-16,194.5777
LP68294156,2023-06-19,192.9871
LP68294156,2023-06-20,192.0488
LP68294156,2023-06-21,193.0041
LP68294156,2023-06-22,191.9452
LP68294156,2023-06-23,190.2066
LP68294156,2023-06-26,190.6657
LP68294156,2023-06-27,191.3303
LP68294156,2023-06-28,191.885
LP68294156,2023-06-29,193.5836
LP68294156,2023-06-30,195.3661
LP68294156,2023-07-03,196.8868
LP68294156,2023-07-04,196.3243
LP68294156,2023-07-05,196.5734
LP68294156,2023-07-06,191.983
LP68294156,2023-07-07,194.6212
LP68294156,2023-07-10,195.0765
LP68294156,2023-07-11,197.3679
LP68294156,2023-07-12,200.1483
LP68294156,2023-07-13,201.5465
LP68294156,2023-07-14,199.5512
LP68294156,2023-07-17,199.0254
LP68294156,2023-07-18,201.4887
LP68294156,2023-07-19,201.6524
LP68294156,2023-07-20,202.0692
LP68294156,2023-07-21,201.9514
LP68294156,2023-07-24,202.4301
LP68294156,2023-07-25,202.8753
LP68294156,2023-07-26,202.85
LP68294156,2023-07-27,204.4919
LP68294156,2023-07-28,204.8764
LP68294156,2023-07-31,205.1384
LP68294156,2023-08-01,203.9895
LP68294156,2023-08-02,201.6664
LP68294156,2023-08-03,201.4471
LP68294156,2023-08-04,202.1464
LP68294156,2023-08-07,201.39
LP68294156,2023-08-08,198.7259
LP68294156,2023-08-09,200.5933
LP68294156,2023-08-10,201.0805
LP68294156,2023-08-11,199.1294
LP68294156,2023-08-14,199.3014
LP68294156,2023-08-15,197.7929
LP68294156,2023-08-16,197.7182
LP68294156,2023-08-17,197.0393
LP68294156,2023-08-18,195.2964
LP68294156,2023-08-21,195.6556
LP68294156,2023-08-22,197.1427
LP68294156,2023-08-23,196.0268
LP68294156,2023-08-24,194.7832
LP68294156,2023-08-25,194.1887
LP68294156,2023-08-28,196.3568
LP68294156,2023-08-29,198.0131
LP68294156,2023-08-30,198.4848
LP68294156,2023-08-31,198.2432
LP68294156,2023-09-01,197.7793
LP68294156,2023-09-04,197.9219
LP68294156,2023-09-05,196.8891
LP68294156,2023-09-06,195.7132
LP68294156,2023-09-07,194.3682
LP68294156,2023-09-08,195.5685
LP68294156,2023-09-11,197.2604
LP68294156,2023-09-12,197.9454
LP68294156,2023-09-13,197.6124
LP68294156,2023-09-14,199.6851
LP68294156,2023-09-15,200.1369
LP68294156,2023-09-18,197.852
LP68294156,2023-09-19,198.341
LP68294156,2023-09-20,200.0721
LP68294156,2023-09-21,198.3852
LP68294156,2023-09-22,197.6482
LP68294156,2023-09-25,196.160462
LP68294156,2023-09-26,194.983
LP68294156,2023-09-27,195.9842
LP68294156,2023-09-28,196.6892
LP68294156,2023-09-29,198.3383
LP68294156,2023-10-02,196.3215
LP68294156,2023-10-03,192.2955
LP68294156,2023-10-04,191.2781
LP68294156,2023-10-05,191.0803
LP68294156,2023-10-06,192.514316
LP68294156,2023-10-09,191.5151
LP68294156,2023-10-10,195.4046
LP68294156,2023-10-11,195.0667
LP68294156,2023-10-12,193.6294
LP68294156,2023-10-13,192.014
LP68294156,2023-10-16,192.5358
LP68294156,2023-10-17,192.8761
LP68294156,2023-10-18,190.3588
LP68294156,2023-10-19,187.843
LP68294156,2023-10-20,185.1663
LP68294156,2023-10-23,185.6024
LP68294156,2023-10-24,185.7283
LP68294156,2023-10-25,184.4076
LP68294156,2023-10-26,183.5133
LP68294156,2023-10-27,183.5703
LP68294156,2023-10-30,184.5935
LP68294156,2023-10-31,185.8585
LP68294156,2023-11-01,186.9268
LP68294156,2023-11-02,189.5011
LP68294156,2023-11-03,191.8004
LP68294156,2023-11-06,190.9274
LP68294156,2023-11-07,188.8229
LP68294156,2023-11-08,189.2596
LP68294156,2023-11-09,190.0962
LP68294156,2023-11-10,188.1011
LP68294156,2023-11-13,190.018
LP68294156,2023-11-14,194.0124
LP68294156,2023-11-15,196.0053
LP68294156,2023-11-16,193.1407
LP68294156,2023-11-17,194.8521
LP68294156,2023-11-20,195.7377
LP68294156,2023-11-21,193.0628
LP68294156,2023-11-22,193.1163
LP68294156,2023-11-23,192.9718
LP68294156,2023-11-24,194.4119
LP68294156,2023-11-27,194.1112
LP68294156,2023-11-28,194.6124
LP68294156,2023-11-29,196.7054
LP68294156,2023-11-30,196.7936
LP68294156,2023-12-01,199.4962
LP68294156,2023-12-04,198.0507
LP68294156,2023-12-05,197.4193
LP68294156,2023-12-06,199.4148
LP68294156,2023-12-07,198.9471
LP68294156,2023-12-08,200.192
LP68294156,2023-12-11,200.641
LP68294156,2023-12-12,199.7152
LP68294156,2023-12-13,199.0331
LP68294156,2023-12-14,204.0627
LP68294156,2023-12-15,204.1513
LP68294156,2023-12-18,205.6286
LP68294156,2023-12-19,207.2548
LP68294156,2023-12-20,208.3233
LP68294156,2023-12-21,207.9484
LP68294156,2023-12-22,207.916942
LP68294156,2023-12-25,207.916942
LP68294156,2023-12-26,207.7178
LP68294156,2023-12-27,208.8325
LP68294156,2023-12-28,207.6605
LP68294156,2023-12-29,207.2683
LP68294156,2024-01-01,207.2683
LP68294156,2024-01-02,208.0427
LP68294156,2024-01-03,204.8362
LP68294156,2024-01-04,206.5356
LP68294156,2024-01-05,206.8531
LP68294156,2024-01-08,207.3331
LP68294156,2024-01-09,206.5915
LP68294156,2024-01-10,205.6193
LP68294156,2024-01-11,204.59
LP68294156,2024-01-12,204.4809
LP68294156,2024-01-15,203.5325
LP68294156,2024-01-16,201.9051
LP68294156,2024-01-17,199.816
LP68294156,2024-01-18,201.1456
LP68294156,2024-01-19,199.2896
LP68294156,2024-01-22,200.197
LP68294156,2024-01-23,201.3522
LP68294156,2024-01-24,203.412071
LP68294156,2024-01-25,202.8522
LP68294156,2024-01-26,204.8005
LP68294156,2024-01-29,204.6446
LP68294156,2024-01-30,205.0245
LP68294156,2024-01-31,206.0951
LP68294156,2024-02-01,204.2561
LP68294156,2024-02-02,206.1353
LP68294156,2024-02-05,205.3889
LP68294156,2024-02-06,207.0038
LP68294156,2024-02-07,205.218
LP68294156,2024-02-08,205.3195
LP68294156,2024-02-09,205.0864
LP68294156,2024-02-12,207.322
LP68294156,2024-02-13,205.1777
LP68294156,2024-02-14,205.8352
LP68294156,2024-02-15,207.5313
LP68294156,2024-02-16,207.7828
LP68294156,2024-02-19,206.7136
LP68294156,2024-02-20,205.5467
LP68294156,2024-02-21,206.9168
LP68294156,2024-02-22,208.4826
LP68294156,2024-02-23,208.8179
LP68294156,2024-02-26,207.7636
LP68294156,2024-02-27,209.4686
LP68294156,2024-02-28,208.3964
LP68294156,2024-02-29,208.3246
LP68294156,2024-03-01,209.6027
LP68294156,2024-03-04,208.4891
LP68294156,2024-03-05,207.8093
LP68294156,2024-03-06,208.5959
LP68294156,2024-03-07,208.6665
LP68294156,2024-03-08,209.2265
LP68294156,2024-03-11,209.2351
LP68294156,2024-03-12,211.8002
LP68294156,2024-03-13,211.7149
LP68294156,2024-03-14,211.422
LP68294156,2024-03-15,212.6041
LP68294156,2024-03-18,212.8877
LP68294156,2024-03-19,214.5837
LP68294156,2024-03-20,214.9427
LP68294156,2024-03-21,216.868
LP68294156,2024-03-22,217.1447
LP68294156,2024-03-25,217.114
LP68294156,2024-03-26,218.2172
LP68294156,2024-03-27,218.7692
LP68294156,2024-03-28,219.836698
LP68294156,2024-03-29,219.836698
LP68294156,2024-04-01,219.7077
LP68294156,2024-04-02,219.0801
LP68294156,2024-04-03,221.6238
LP68294156,2024-04-04,223.2597
LP68294156,2024-04-05,221.6926
LP68294156,2024-04-08,223.7884
LP68294156,2024-04-09,223.9476
LP68294156,2024-04-10,224.0054
LP68294156,2024-04-11,221.6205
LP68294156,2024-04-12,219.9974
LP68294156,2024-04-15,219.6727
LP68294156,2024-04-16,215.2966
LP68294156,2024-04-17,216.4474
LP68294156,2024-04-18,217.967
LP68294156,2024-04-19,217.1052
LP68294156,2024-04-22,218.2601
LP68294156,2024-04-23,219.4649
LP68294156,2024-04-24,219.0903
LP68294156,2024-04-25,218.0719
LP68294156,2024-04-26,219.643737
LP68294156,2024-04-29,220.9959
LP68294156,2024-04-30,217.758
LP68294156,2024-05-01,217.758
LP68294156,2024-05-02,218.4183
LP68294156,2024-05-03,219.1526
LP68294156,2024-05-06,220.8712
LP68294156,2024-05-07,221.5952
LP68294156,2024-05-08,220.9614
LP68294156,2024-05-09,221.9955
LP68294156,2024-05-10,223.3062
LP68294156,2024-05-13,224.3436
LP68294156,2024-05-14,226.1362
LP68294156,2024-05-15,226.8006
LP68294156,2024-05-16,225.4955
LP68294156,2024-05-17,225.595
LP68294156,2024-05-20,226.026
LP68294156,2024-05-21,225.5458
LP68294156,2024-05-22,223.5373
LP68294156,2024-05-23,223.6168
LP68294156,2024-05-24,224.4277
LP68294156,2024-05-27,225.4643
LP68294156,2024-05-28,225.8557
LP68294156,2024-05-29,222.8772
LP68294156,2024-05-30,224.3544
LP68294156,2024-05-31,224.4782
LP68294156,2024-06-03,225.7749
LP68294156,2024-06-04,222.1368
LP68294156,2024-06-05,221.5344
LP68294156,2024-06-06,222.0226
LP68294156,2024-06-07,221.4258
LP68294156,2024-06-10,221.1862
LP68294156,2024-06-11,219.9251
LP68294156,2024-06-12,221.5297
LP68294156,2024-06-13,217.1225
LP68294156,2024-06-14,212.924
LP68294156,2024-06-17,213.5822
LP68294156,2024-06-18,214.6728
LP68294156,2024-06-19,214.9383
LP68294156,2024-06-20,217.2032
LP68294156,2024-06-21,214.5859
LP68294156,2024-06-24,217.0754
LP68294156,2024-06-25,216.082
LP68294156,2024-06-26,214.7049
LP68294156,2024-06-27,214.1311
LP68294156,2024-06-28,214.1653
LP68294156,2024-07-01,215.2675
LP68294156,2024-07-02,214.0681
LP68294156,2024-07-03,216.4394
LP68294156,2024-07-04,217.6471
LP68294156,2024-07-05,217.4471
LP68294156,2024-07-08,217.063
LP68294156,2024-07-09,214.7699
LP68294156,2024-07-10,215.9455
LP68294156,2024-07-11,218.0608
LP68294156,2024-07-12,219.6111
LP68294156,2024-07-15,218.1721
LP68294156,2024-07-16,218.2691
LP68294156,2024-07-17,218.0548
LP68294156,2024-07-18,217.9161
LP68294156,2024-07-19,214.8752
LP68294156,2024-07-22,215.1129
LP68294156,2024-07-23,214.0767
LP68294156,2024-07-24,213.5963
LP68294156,2024-07-25,211.4817
LP68294156,2024-07-26,211.2796
LP68294156,2024-07-29,210.005
LP68294156,2024-07-30,210.7785
LP68294156,2024-07-31,210.8254
LP68294156,2024-08-01,205.3109
LP68294156,2024-08-02,199.555
LP68294156,2024-08-05,195.4698
LP68294156,2024-08-06,195.5233
LP68294156,2024-08-07,197.7919
LP68294156,2024-08-08,196.9095
LP68294156,2024-08-09,197.4014
LP68294156,2024-08-12,197.6992
LP68294156,2024-08-13,197.3193
LP68294156,2024-08-14,197.9888
LP68294156,2024-08-15,200.2825
LP68294156,2024-08-16,201.0298
LP68294156,2024-08-19,202.5909
LP68294156,2024-08-20,201.2069
LP68294156,2024-08-21,202.3135
LP68294156,2024-08-22,202.384
LP68294156,2024-08-23,204.2521
LP68294156,2024-08-26,204.6786
LP68294156,2024-08-27,205.7115
LP68294156,2024-08-28,205.2142
LP68294156,2024-08-29,206.4268
LP68294156,2024-08-30,206.8718
LP68294156,2024-09-02,206.6916
LP68294156,2024-09-03,203.2306
LP68294156,2024-09-04,201.5526
LP68294156,2024-09-05,201.5784
LP68294156,2024-09-06,198.1983
LP68294156,2024-09-09,198.3678
LP68294156,2024-09-10,195.9381
LP68294156,2024-09-11,197.0883
LP68294156,2024-09-12,199.0392
LP68294156,2024-09-13,202.0021
LP68294156,2024-09-16,201.6385
LP68294156,2024-09-17,204.6473
LP68294156,2024-09-18,204.9578
LP68294156,2024-09-19,208.059
LP68294156,2024-09-20,203.7111
LP68294156,2024-09-23,203.8041
LP68294156,2024-09-24,206.6303
LP68294156,2024-09-25,206.2832
LP68294156,2024-09-26,210.4641
LP68294156,2024-09-27,213.9657
LP68294156,2024-09-30,210.2606
LP68294156,2024-10-01,208.9652
LP68294156,2024-10-02,208.0396
LP68294156,2024-10-03,206.1555
LP68294156,2024-10-04,209.5766
LP68294156,2024-10-07,209.8539
LP68294156,2024-10-08,206.7224
LP68294156,2024-10-09,208.3557
LP68294156,2024-10-10,207.8955
LP68294156,2024-10-11,207.714
LP68294156,2024-10-14,207.1864
LP68294156,2024-10-15,205.8236
LP68294156,2024-10-16,206.0081
LP68294156,2024-10-17,206.438
LP68294156,2024-10-18,207.646
LP68294156,2024-10-21,206.0653
LP68294156,2024-10-22,206.5948
LP68294156,2024-10-23,205.0651
LP68294156,2024-10-24,205.7563
LP68294156,2024-10-25,207.3093
LP68294156,2024-10-28,207.4406
LP68294156,2024-10-29,206.5951
LP68294156,2024-10-30,205.5075
LP68294156,2024-10-31,204.1087
LP68294156,2024-11-01,205.093
LP68294156,2024-11-04,205.4094
LP68294156,2024-11-05,206.6486
LP68294156,2024-11-06,204.6076
LP68294156,2024-11-07,208.0731
LP68294156,2024-11-08,205.8855
LP68294156,2024-11-11,207.4757
LP68294156,2024-11-12,202.4997
LP68294156,2024-11-13,201.4595
LP68294156,2024-11-14,204.0949
LP68294156,2024-11-15,204.8072
LP68294156,2024-11-18,204.297
LP68294156,2024-11-19,202.2684
LP68294156,2024-11-20,201.3217
LP68294156,2024-11-21,200.6024
LP68294156,2024-11-22,202.1302
LP68294156,2024-11-25,202.3429
LP68294156,2024-11-26,199.4251
LP68294156,2024-11-27,199.2932
LP68294156,2024-11-28,200.0478
LP68294156,2024-11-29,201.4836
LP68294156,2024-12-02,201.6802
LP68294156,2024-12-03,202.5982
LP68294156,2024-12-04,203.736
LP68294156,2024-12-05,206.1698
LP68294156,2024-12-06,207.0202
LP68294156,2024-12-09,209.4754
LP68294156,2024-12-10,209.1274
LP68294156,2024-12-11,209.5237
LP68294156,2024-12-12,208.8118
LP68294156,2024-12-13,207.4597
LP68294156,2024-12-16,205.6771
LP68294156,2024-12-17,204.3132
LP68294156,2024-12-18,204.5009
LP68294156,2024-12-19,201.1641
LP68294156,2024-12-20,200.7224
LP68294156,2024-12-23,200.4896
LP68294156,2024-12-24,201.167604
LP68294156,2024-12-25,201.167604
LP68294156,2024-12-26,201.1057
LP68294156,2024-12-27,202.4489
LP68294156,2024-12-30,202.2401
LP68294156,2024-12-31,203.2903
LP68294156,2025-01-01,203.2903
LP68294156,2025-01-02,204.1683
LP68294156,2025-01-03,201.6619
LP68294156,2025-01-06,201.6619
LP68294156,2025-01-07,206.0893
LP68294156,2025-01-08,204.4472
LP68294156,2025-01-09,204.6144
LP68294156,2025-01-10,202.808
LP68294156,2025-01-13,202.7278
LP68294156,2025-01-14,203.9863
LP68294156,2025-01-15,207.6831
LP68294156,2025-01-16,207.4698
LP68294156,2025-01-17,210.2584
LP68294156,2025-01-20,211.5974
LP68294156,2025-01-21,211.3545
LP68294156,2025-01-22,210.6237
LP68294156,2025-01-23,211.7212
LP68294156,2025-01-24,212.9964
LP68294156,2025-01-27,212.4186
LP68294156,2025-01-28,212.6149
LP68294156,2025-01-29,212.5895
LP68294156,2025-01-30,214.7095
LP68294156,2025-01-31,213.7487
LP68294156,2025-02-03,210.3634
LP68294156,2025-02-04,212.2922
LP68294156,2025-02-05,211.6432
LP68294156,2025-02-06,218.5157
LP68294156,2025-02-07,218.8857
LP68294156,2025-02-10,220.0445
LP68294156,2025-02-11,219.2067
LP68294156,2025-02-12,219.6146
LP68294156,2025-02-13,224.1852
LP68294156,2025-02-14,223.6092
LP68294156,2025-02-17,224.5346
LP68294156,2025-02-18,225.1188
LP68294156,2025-02-19,220.2843
LP68294156,2025-02-20,219.3386
LP68294156,2025-02-21,220.0641
LP68294156,2025-02-24,220.6748
LP68294156,2025-02-25,219.9478
LP68294156,2025-02-26,223.3918
LP68294156,2025-02-27,220.6031
LP68294156,2025-02-28,218.6495
LP68294156,2025-03-03,219.8995
LP68294156,2025-03-04,210.8911
LP68294156,2025-03-05,221.8613
LP68294156,2025-03-06,227.7852
LP68294156,2025-03-07,225.941
LP68294156,2025-03-10,222.5954
LP68294156,2025-03-11,219.2269
LP68294156,2025-03-12,220.3351
LP68294156,2025-03-13,219.035
LP68294156,2025-03-14,223.3207
LP68294156,2025-03-17,225.1841
LP68294156,2025-03-18,227.9558
LP68294156,2025-03-19,227.2459
LP68294156,2025-03-20,224.2303
LP68294156,2025-03-21,222.1125
LP68294156,2025-03-24,223.7659
LP68294156,2025-03-25,225.5709
LP68294156,2025-03-26,223.8237
LP68294156,2025-03-27,221.3775
LP68294156,2025-03-28,216.9071
LP68294156,2025-03-31,211.799
LP68294156,2025-04-01,213.8646
LP68294156,2025-04-02,213.488
LP68294156,2025-04-03,204.1071
LP68294156,2025-04-04,192.6566
LP68294156,2025-04-07,187.3419
LP68294156,2025-04-08,190.3591
LP68294156,2025-04-09,185.3243
LP68294156,2025-04-10,190.9405
LP68294156,2025-04-11,191.1464
LP68294156,2025-04-14,196.6253
LP68294156,2025-04-15,199.6152
LP68294156,2025-04-16,199.4264
LP68294156,2025-04-17,199.6067
LP68294156,2025-04-18,199.6067
LP68294156,2025-04-21,199.3802
LP68294156,2025-04-22,202.1065
LP68294156,2025-04-23,207.0669
LP68294156,2025-04-24,207.881
LP68294156,2025-04-25,209.5517
LP68294156,2025-04-28,210.5667
LP68294156,2025-04-29,211.4131
LP68294156,2025-04-30,210.4816
LP68294156,2025-05-01,210.4816
LP68294156,2025-05-02,215.2671
LP68294156,2025-05-05,216.1026
LP68294156,2025-05-06,216.2111
LP68294156,2025-05-07,215.6577
LP68294156,2025-05-08,217.9692
LP68294156,2025-05-09,220.3736
LP68294156,2025-05-12,226.444
LP68294156,2025-05-13,228.7197
LP68294156,2025-05-14,228.6217
LP68294156,2025-05-15,227.9611
LP68294156,2025-05-16,227.252
LP68294156,2025-05-19,228.1049
LP68294156,2025-05-20,229.8679
LP68294156,2025-05-21,230.0707
LP68294156,2025-05-22,227.6561
LP68294156,2025-05-23,225.5727
LP68294156,2025-05-26,228.8611
LP68294156,2025-05-27,229.5987
LP68294156,2025-05-28,228.8462
LP68294156,2025-05-29,228.9292
LP68294156,2025-05-30,227.601125
LP68294156,2025-06-02,227.352775
LP68294156,2025-06-03,227.579236
LP68294156,2025-06-04,229.093932
LP68294156,2025-06-05,228.568616
LP68294156,2025-06-06,228.529262
LP68294156,2025-06-09,228.842565
LP68294156,2025-06-10,230.522544
LP68294156,2025-06-11,229.646092
LP68294156,2025-06-12,228.08442
LP68294156,2025-06-13,225.500922
LP68294156,2025-06-16,226.967502
LP68294156,2025-06-17,224.944396
LP68294156,2025-06-18,224.888528
LP68294156,2025-06-19,221.845654
LP68294156,2025-06-20,222.499252
LP68294156,2025-06-23,221.214197
LP68294156,2025-06-24,225.008644
LP68294156,2025-06-25,223.781278
LP68294156,2025-06-26,225.126989
LP68294156,2025-06-27,228.223501
LP68294156,2025-06-30,226.047745
LP68294156,2025-07-01,226.140883
LP68294156,2025-07-02,229.795247
LP68294156,2025-07-03,231.042026
LP68294156,2025-07-04,228.837839
LP68294156,2025-07-07,229.715891
LP68294156,2025-07-08,232.028153
LP68294156,2025-07-09,232.977309
LP68294156,2025-07-10,235.438198
LP68294156,2025-07-11,233.028709
LP68294156,2025-07-14,231.341603
LP68294156,2025-07-15,230.934011
LP68294156,2025-07-16,227.046761
LP68294156,2025-07-17,228.062991
LP68294156,2025-07-18,228.859392
LP68294156,2025-07-21,230.255441
LP68294156,2025-07-22,229.219382
LP68294156,2025-07-23,233.403715
LP68294156,2025-07-24,233.241166
LP68294156,2025-07-25,233.534365
LP68294156,2025-07-28,232.920391
LP68294156,2025-07-29,233.280012
LP68294156,2025-07-30,232.532647
LP68294156,2025-07-31,231.128625
LP68294156,2025-08-01,226.245996
LP68294156,2025-08-04,226.763267
LP68294156,2025-08-05,228.771124
LP68294156,2025-08-06,230.222354
LP68294156,2025-08-07,234.473559
LP68294156,2025-08-08,237.399049
LP68294156,2025-08-11,236.348398
LP68294156,2025-08-12,238.200489
LP68294156,2025-08-13,238.592024
LP68294156,2025-08-14,240.449714
LP68294156,2025-08-15,241.357386
LP68294156,2025-08-18,240.3922
LP68294156,2025-08-19,243.770136
LP68294156,2025-08-20,242.567895
LP68294156,2025-08-21,241.736595
LP68294156,2025-08-22,244.63853
LP68294156,2025-08-25,242.923153
LP68294156,2025-08-26,240.825304
LP68294156,2025-08-27,238.484686
LP68294156,2025-08-28,238.238949
LP68294156,2025-08-29,236.867435
LP68294156,2025-09-01,237.931138
LP68294156,2025-09-02,233.575194
LP68294156,2025-09-03,234.383205
LP68294156,2025-09-04,234.910716
LP68294156,2025-09-05,235.309364
LP68294156,2025-09-08,237.395446
LP68294156,2025-09-09,237.973296
LP68294156,2025-09-10,237.075013
LP68294156,2025-09-11,238.43526
LP68294156,2025-09-12,238.066135
LP68294156,2025-09-15,239.276632
LP68294156,2025-09-16,237.698149
LP68294156,2025-09-17,237.050266
LP68294156,2025-09-18,237.789367
LP68294156,2025-09-19,237.826242
LP68294156,2025-09-22,235.781896
LP68294156,2025-09-23,237.567861
LP68294156,2025-09-24,237.445312
LP68294156,2025-09-25,236.157564
LP68294156,2025-09-26,238.02077
LP68294156,2025-09-29,237.78928
LP68294156,2025-09-30,237.404575
LP68294156,2025-10-01,239.555276
LP68294156,2025-10-02,240.975777
LP68294156,2025-10-03,242.80006
LP68294156,2025-10-06,242.162279
LP68294156,2025-10-07,241.392554
LP68294156,2025-10-08,242.793107
LP68294156,2025-10-09,242.285975
LP68294156,2025-10-10,237.2453
LP68294156,2025-10-13,239.781698
LP68294156,2025-10-14,237.712891
LP68294156,2025-10-15,239.46301
LP68294156,2025-10-16,241.01973
LP68294156,2025-10-17,239.32182
LP68294156,2025-10-20,241.602214
LP68294156,2025-10-21,240.879554
LP68294156,2025-10-22,241.327135
LP68294156,2025-10-23,242.430941
LP68294156,2025-10-24,243.71167
LP68294156,2025-10-27,243.431028
LP68294156,2025-10-28,243.884563
LP68294156,2025-10-29,243.789876
LP68294156,2025-10-30,243.153958
LP68294156,2025-10-31,242.601126
LP68294156,2025-11-03,243.618776
LP68294156,2025-11-04,239.487749
LP68294156,2025-11-05,240.638426
LP68294156,2025-11-06,239.721451
LP68294156,2025-11-07,239.766319
LP68294156,2025-11-10,243.16743
LP68294156,2025-11-11,244.836
LP68294156,2025-11-12,246.891271
LP68294156,2025-11-13,246.911701
LP68294156,2025-11-14,244.772712
LP68294156,2025-11-17,243.187215
LP68294156,2025-11-18,237.621065
LP68294156,2025-11-19,239.216635
LP68294156,2025-11-20,238.392847
LP68294156,2025-11-21,238.403094
LP68294156,2025-11-24,240.572122
LP68294156,2025-11-25,243.593173
LP68294156,2025-11-26,246.383821
LP68294156,2025-11-27,247.014304
LP68294156,2025-11-28,248.73543
LP68294156,2025-12-01,249.480956
LP68294156,2025-12-02,248.71992
LP68294156,2025-12-03,250.307497
LP68294156,2025-12-04,253.468023
LP68294156,2025-12-05,254.757556
LP68294156,2025-12-08,254.09729
LP68294156,2025-12-09,253.377358
LP68294156,2025-12-10,252.728409
LP68294156,2025-12-11,256.121961
LP68294156,2025-12-12,256.021489
LP68294156,2025-12-15,256.916679
LP68294156,2025-12-16,255.271994
LP68294156,2025-12-17,254.95932
LP68294156,2025-12-18,257.165324
LP68294156,2025-12-19,256.765727
LP68294156,2025-12-22,258.3376
LP68294156,2025-12-23,258.215141
LP68294156,2025-12-24,258.720348
LP68294156,2025-12-25,258.720348
LP68294156,2025-12-26,258.674018
LP68294156,2025-12-29,259.091146
LP68294156,2025-12-30,261.394381
LP68294156,2025-12-31,260.942246
LP68294156,2026-01-01,260.942246
LP68294156,2026-01-02,260.942246
LP68294156,2026-01-05,264.706667
LP68294156,2026-01-06,266.029694
LP68294156,2026-01-07,265.913616
LP68294156,2026-01-08,264.155195
LP68294156,2026-01-09,266.16689
LP68294156,2026-01-12,265.387038
LP68294156,2026-01-13,264.763257
LP68294156,2026-01-14,266.848271
LP68294156,2026-01-15,269.461604
LP68294156,2026-01-16,266.746023
LP68294156,2026-01-19,264.336083
LP68294156,2026-01-20,262.45724
LP68294156,2026-01-21,266.512126
LP68294156,2026-01-22,271.659096
LP68294156,2026-01-23,270.741563
LP68294156,2026-01-26,271.152691
LP68294156,2026-01-27,271.323993
LP68294156,2026-01-28,272.248305
LP68294156,2026-01-29,271.436963
LP68294156,2026-01-30,268.472131
LP68294156,2026-02-02,271.521653
LP68294156,2026-02-03,274.85918
LP68294156,2026-02-04,276.248803
LP68294156,2026-02-05,274.411734
LP68294156,2026-02-06,275.322814
LP68294156,2026-02-09,278.554251
LP68294156,2026-02-10,281.625218
LP68294156,2026-02-11,285.282913
LP68294156,2026-02-12,283.487644
LP68294156,2026-02-13,283.172087
LP68294156,2026-02-16,283.621111
LP68294156,2026-02-17,283.093163
LP68294156,2026-02-18,286.467793
LP68294156,2026-02-19,284.515813
LP68294156,2026-02-20,285.928146
LP68294156,2026-02-23,284.736444
LP68294156,2026-02-24,286.784619
LP68294156,2026-02-25,288.525384
LP68294156,2026-02-26,282.978899
LP68294156,2026-02-27,281.417115
LP68294156,2026-03-02,275.682112
LP68294156,2026-03-03,265.342609
LP68294156,2026-03-04,268.942137
LP68294156,2026-03-05,263.740196
LP68294156,2026-03-06,259.296373
LP68294156,2026-03-09,254.427224
LP68294156,2026-03-10,261.828209
LP68294156,2026-03-11,260.78767
LP68294156,2026-03-12,258.951179
LP68294156,2026-03-13,253.626909
LP68294156,2026-03-16,253.639336
LP68294156,2026-03-17,255.7655
LP68294156,2026-03-18,255.458951
LP68294156,2026-03-19,246.921685
LP68294156,2026-03-20,243.943586
LP68294156,2026-03-23,249.952633
LP68294156,2026-03-24,252.844829
LP68294156,2026-03-25,256.741559
LP68294156,2026-03-26,255.058296
LP68294156,2026-03-27,254.138093
LP68294156,2026-03-30,254.524075
LP68294156,2026-03-31,256.739994
LP68294156,2026-04-01,262.260791
LP68294156,2026-04-02,260.875671
LP68294156,2026-04-03,260.875671
LP68294156,2026-04-06,260.875671
LP68294156,2026-04-07,258.893405
LP68294156,2026-04-08,271.26167
LP68294156,2026-04-09,271.530142
LP68294156,2026-04-10,273.917575
LP68294156,2026-04-13,271.920175
LP68294156,2026-04-14,275.006657
LP68294156,2026-04-15,274.21495
LP68294156,2026-04-16,274.602856
LP68294156,2026-04-17,279.96682
LP68294156,2026-04-20,276.681993
LP68294156,2026-04-21,273.957609
LP68294156,2026-04-22,273.250608
LP68294156,2026-04-23,274.99642
LP68294156,2026-04-24,271.958355
LP68294156,2026-04-27,272.436555
LP68294156,2026-04-28,269.188108
LP68294156,2026-04-29,267.472212
LP68294156,2026-04-30,271.55958
LP68294156,2026-05-01,271.55958
LP68294156,2026-05-04,270.900916
LP68294156,2026-05-05,273.021485
LP68294156,2026-05-06,280.701736
LP68294156,2026-05-07,278.225526
LP68294156,2026-05-08,277.506994
LP68294156,2026-05-11,280.449827
LP68294156,2026-05-12,276.271736
LP68294156,2026-05-13,280.503028
LP68294156,2026-05-14,282.516013
LP68294156,2026-05-15,277.200065
LP68294156,2026-05-18,277.95327
LP68294156,2026-05-19,274.455172
LP68294156,2026-05-20,278.727891
LP68294156,2026-05-21,279.399139
LP68294156,2026-05-22,282.161122
LP68294156,2026-05-25,285.098464
LP68294156,2026-05-26,284.933338
LP68294156,2026-05-27,285.779403
LP68294156,2026-05-28,285.042553
LP68294156,2026-05-29,285.09648
LP68294156,2026-06-01,282.968414
LP68294156,2026-06-02,287.546163
LP68294156,2026-06-03,284.353648
LP68294156,2026-06-04,284.251343
LP68294156,2026-06-05,280.713502
LP68294156,2026-06-08,278.349752
LP68294156,2026-06-09,275.861529
LP68294156,2026-06-10,274.108265
LP68294156,2026-06-11,275.774308
LP68294156,2026-06-12,283.110321
LP68294156,2026-06-15,286.981735
LP68294156,2026-06-16,285.631173
LP68294156,2026-06-17,285.961014
LP68294156,2026-06-18,282.251687
LP68294156,2026-06-19,280.670066
LP68294156,2026-06-22,282.089877
LP68294156,2026-06-23,277.231678
LP68294156,2026-06-24,275.829214
LP68294156,2026-06-25,278.51651
LP68294156,2026-06-26,274.837773
LP68294156,2026-06-29,270.923227
LP68294156,2026-06-30,272.525083
LP68294156,2026-07-01,271.883461
LP68294156,2026-07-02,276.697779
LP68294156,2026-07-03,280.553495
LP68294156,2026-07-06,280.288929
LP68294156,2026-07-07,277.375433
LP68294156,2026-07-08,271.178509
LP68294156,2026-07-09,273.536137
LP68294156,2026-07-10,278.211195
LP68294156,2026-07-13,279.103717
LP68294156,2026-07-14,279.694569
LP68294156,2026-07-15,280.469892
LP68294156,2026-07-16,279.881751
LP68294156,2026-07-17,276.398854
LP68294156,2026-07-20,273.971582
LP68294156,2026-07-21,276.007996
LP68294156,2026-07-22,277.309837
LP68294156,2026-07-23,275.000838
LP68294156,2026-07-24,276.783122
LP68294156,2026-07-27,276.566512
LP68294156,2026-07-28,277.19342
LP68294156,2026-07-29,276.924915
LP68294156,2026-07-30,281.365206
LP68294156,2026-07-31,281.193032
LP68294156,2026-08-03,284.530436
LP68294156,2026-08-04,288.644542
LP68294156,2026-08-05,289.897523
LP68294156,2026-08-06,290.554024
LP68294156,2026-08-07,290.780722
LP68294156,2026-08-10,291.010709
LP68294156,2026-08-11,291.071434
LP68294156,2026-08-12,290.296619
LP68294156,2026-08-13,288.587588
LP68294156,2026-08-14,289.208328
LP68294156,2026-08-17,287.606098
LP68294156,2026-08-18,284.328986
LP68294156,2026-08-19,286.94058
LP68294156,2026-08-20,285.708479
LP68294156,2026-08-21,288.351925
LP68294156,2026-08-24,288.732353
LP68294156,2026-08-25,289.952501
LP68294156,2026-08-26,291.401082
LP68294156,2026-08-27,290.417815
LP68294156,2026-08-28,292.597882
LP68294156,2026-08-31,292.047657
LP68294156,2026-09-01,288.198456
LP68294156,2026-09-02,286.958526
LP68294156,2026-09-03,289.752477
LP68294156,2026-09-04,291.31679
LP68294156,2026-09-07,290.988988
LP68294156,2026-09-08,293.502115
LP68294156,2026-09-09,288.856901
LP68294156,2026-09-10,285.256119
LP68294156,2026-09-11,285.522552
LP68294156,2026-09-14,280.560758
LP68294156,2026-09-15,280.258741
LP68294156,2026-09-16,281.98383
LP68294156,2026-09-17,284.643323
LP68294156,2026-09-18,279.12985
LP68294156,2026-09-21,281.029142
LP68294156,2026-09-22,284.709211
LP68294156,2026-09-23,281.488446
LP68294156,2026-09-24,277.631089
LP68294156,2026-09-25,279.983293
LP68294156,2026-09-28,280.76968
LP68294156,2026-09-29,280.642008
LP68349905,2023-01-02,163.92029
LP68349905,2023-01-03,165.60305
LP68349905,2023-01-04,168.09152
LP68349905,2023-01-05,170.19576
LP68349905,2023-01-06,172.17126
LP68349905,2023-01-09,174.71499
LP68349905,2023-01-10,174.0043
LP68349905,2023-01-11,174.01051
LP68349905,2023-01-12,175.87881
LP68349905,2023-01-13,176.36814
LP68349905,2023-01-16,177.57728
LP68349905,2023-01-17,178.18957
LP68349905,2023-01-18,178.65393
LP68349905,2023-01-19,175.29228
LP68349905,2023-01-20,176.94806
LP68349905,2023-01-23,178.47825
LP68349905,2023-01-24,178.06676
LP68349905,2023-01-25,178.33279
LP68349905,2023-01-26,179.56195
LP68349905,2023-01-27,181.63483
LP68349905,2023-01-30,180.44234
LP68349905,2023-01-31,181.20726
LP68349905,2023-02-01,182.51345
LP68349905,2023-02-02,184.42092
LP68349905,2023-02-03,184.65056
LP68349905,2023-02-06,182.93575
LP68349905,2023-02-07,183.48842
LP68349905,2023-02-08,184.00548
LP68349905,2023-02-09,186.13147
LP68349905,2023-02-10,184.01958
LP68349905,2023-02-13,184.29001
LP68349905,2023-02-14,185.17152
LP68349905,2023-02-15,186.61478
LP68349905,2023-02-16,189.14786
LP68349905,2023-02-17,188.44354
LP68349905,2023-02-20,188.04075
LP68349905,2023-02-21,186.26693
LP68349905,2023-02-22,184.40807
LP68349905,2023-02-23,185.56174
LP68349905,2023-02-24,183.69865
LP68349905,2023-02-27,186.97607
LP68349905,2023-02-28,188.26176
LP68349905,2023-03-01,188.21016
LP68349905,2023-03-02,187.98267
LP68349905,2023-03-03,191.45037
LP68349905,2023-03-06,191.84013
LP68349905,2023-03-07,190.24711
LP68349905,2023-03-08,190.70518
LP68349905,2023-03-09,189.23318
LP68349905,2023-03-10,185.54126
LP68349905,2023-03-13,178.07661
LP68349905,2023-03-14,181.35013
LP68349905,2023-03-15,172.34696
LP68349905,2023-03-16,173.75548
LP68349905,2023-03-17,170.57617
LP68349905,2023-03-20,172.00726
LP68349905,2023-03-21,176.25391
LP68349905,2023-03-22,176.25582
LP68349905,2023-03-23,175.7503
LP68349905,2023-03-24,170.95959
LP68349905,2023-03-27,173.17374
LP68349905,2023-03-28,174.70062
LP68349905,2023-03-29,177.12392
LP68349905,2023-03-30,179.46325
LP68349905,2023-03-31,180.71658
LP68349905,2023-04-03,181.11009
LP68349905,2023-04-04,180.05974
LP68349905,2023-04-05,176.57931
LP68349905,2023-04-06,177.24169
LP68349905,2023-04-07,177.24169
LP68349905,2023-04-10,177.24169
LP68349905,2023-04-11,179.79938
LP68349905,2023-04-12,179.86562
LP68349905,2023-04-13,180.55449
LP68349905,2023-04-14,182.71145
LP68349905,2023-04-17,183.09701
LP68349905,2023-04-18,184.66664
LP68349905,2023-04-19,183.71132
LP68349905,2023-04-20,180.82939
LP68349905,2023-04-21,179.15526
LP68349905,2023-04-24,179.12923
LP68349905,2023-04-25,176.75006
LP68349905,2023-04-26,176.13348
LP68349905,2023-04-27,176.76561
LP68349905,2023-04-28,178.05855
LP68349905,2023-05-01,178.05855
LP68349905,2023-05-02,175.44014
LP68349905,2023-05-03,174.8207
LP68349905,2023-05-04,172.99844
LP68349905,2023-05-05,177.00337
LP68349905,2023-05-08,178.06846
LP68349905,2023-05-09,178.06846
LP68349905,2023-05-10,177.00627
LP68349905,2023-05-11,176.24378
LP68349905,2023-05-12,176.91973
LP68349905,2023-05-15,177.80265
LP68349905,2023-05-16,177.25502
LP68349905,2023-05-17,178.10543
LP68349905,2023-05-18,178.10543
LP68349905,2023-05-19,179.07402
LP68349905,2023-05-22,180.06169
LP68349905,2023-05-23,179.88182
LP68349905,2023-05-24,176.19217
LP68349905,2023-05-25,175.28533
LP68349905,2023-05-26,177.20814
LP68349905,2023-05-29,177.20814
LP68349905,2023-05-30,174.68992
LP68349905,2023-05-31,171.19192
LP68349905,2023-06-01,173.02166
LP68349905,2023-06-02,177.33513
LP68349905,2023-06-05,176.60144
LP68349905,2023-06-06,177.04516
LP68349905,2023-06-07,177.83213
LP68349905,2023-06-08,178.53421
LP68349905,2023-06-09,178.4669
LP68349905,2023-06-12,178.95756
LP68349905,2023-06-13,180.67209
LP68349905,2023-06-14,182.11499
LP68349905,2023-06-15,181.72455
LP68349905,2023-06-16,182.56686
LP68349905,2023-06-19,181.00633
LP68349905,2023-06-20,180.10844
LP68349905,2023-06-21,181.03335
LP68349905,2023-06-22,179.98725
LP68349905,2023-06-23,179.98725
LP68349905,2023-06-26,178.73493
LP68349905,2023-06-27,179.38693
LP68349905,2023-06-28,179.92503
LP68349905,2023-06-29,181.56189
LP68349905,2023-06-30,183.31556
LP68349905,2023-07-03,184.77499
LP68349905,2023-07-04,184.22844
LP68349905,2023-07-05,184.45789
LP68349905,2023-07-06,180.02577
LP68349905,2023-07-07,182.58896
LP68349905,2023-07-10,183.03441
LP68349905,2023-07-11,185.26668
LP68349905,2023-07-12,187.98411
LP68349905,2023-07-13,189.3402
LP68349905,2023-07-14,187.40115
LP68349905,2023-07-17,186.90633
LP68349905,2023-07-18,189.25812
LP68349905,2023-07-19,189.40816
LP68349905,2023-07-20,189.79806
LP68349905,2023-07-21,189.6917
LP68349905,2023-07-24,190.15531
LP68349905,2023-07-25,190.56994
LP68349905,2023-07-26,190.53249
LP68349905,2023-07-27,192.10524
LP68349905,2023-07-28,192.46145
LP68349905,2023-07-31,192.69442
LP68349905,2023-08-01,191.60973
LP68349905,2023-08-02,189.38491
LP68349905,2023-08-03,189.1896
LP68349905,2023-08-04,189.84566
LP68349905,2023-08-07,189.10798
LP68349905,2023-08-08,186.58513
LP68349905,2023-08-09,188.36047
LP68349905,2023-08-10,188.80354
LP68349905,2023-08-11,186.94524
LP68349905,2023-08-14,187.11583
LP68349905,2023-08-15,187.11583
LP68349905,2023-08-16,185.60769
LP68349905,2023-08-17,184.96095
LP68349905,2023-08-18,183.30675
LP68349905,2023-08-21,183.66944
LP68349905,2023-08-22,185.08086
LP68349905,2023-08-23,184.0178
LP68349905,2023-08-24,182.84923
LP68349905,2023-08-25,182.30613
LP68349905,2023-08-28,184.31998
LP68349905,2023-08-29,185.87916
LP68349905,2023-08-30,186.30613
LP68349905,2023-08-31,186.08276
LP68349905,2023-09-01,185.64462
LP68349905,2023-09-04,185.77731
LP68349905,2023-09-05,184.84743
LP68349905,2023-09-06,183.72802
LP68349905,2023-09-07,182.41558
LP68349905,2023-09-08,183.56653
LP68349905,2023-09-11,185.18403
LP68349905,2023-09-12,185.84259
LP68349905,2023-09-13,185.50614
LP68349905,2023-09-14,187.4577
LP68349905,2023-09-15,187.88674
LP68349905,2023-09-18,185.7299
LP68349905,2023-09-19,186.18507
LP68349905,2023-09-20,187.79225
LP68349905,2023-09-21,186.22589
LP68349905,2023-09-22,185.53429
LP68349905,2023-09-25,184.13921
LP68349905,2023-09-26,183.03609
LP68349905,2023-09-27,183.96048
LP68349905,2023-09-28,184.58048
LP68349905,2023-09-29,186.19885
LP68349905,2023-10-02,184.26557
LP68349905,2023-10-03,180.49885
LP68349905,2023-10-04,179.56009
LP68349905,2023-10-05,179.38654
LP68349905,2023-10-06,180.73959
LP68349905,2023-10-09,179.79056
LP68349905,2023-10-10,183.42232
LP68349905,2023-10-11,183.10131
LP68349905,2023-10-12,181.74973
LP68349905,2023-10-13,180.24721
LP68349905,2023-10-16,180.73808
LP68349905,2023-10-17,181.05251
LP68349905,2023-10-18,178.72882
LP68349905,2023-10-19,176.41027
LP68349905,2023-10-20,173.82871
LP68349905,2023-10-23,174.24515
LP68349905,2023-10-24,174.34228
LP68349905,2023-10-25,173.07361
LP68349905,2023-10-26,172.21869
LP68349905,2023-10-27,172.24613
LP68349905,2023-10-30,173.21301
LP68349905,2023-10-31,174.432
LP68349905,2023-11-01,174.432
LP68349905,2023-11-02,177.88186
LP68349905,2023-11-03,180.05715
LP68349905,2023-11-06,179.22555
LP68349905,2023-11-07,177.26111
LP68349905,2023-11-08,177.65682
LP68349905,2023-11-09,178.46264
LP68349905,2023-11-10,176.59584
LP68349905,2023-11-13,178.38091
LP68349905,2023-11-14,182.10838
LP68349905,2023-11-15,183.94275
LP68349905,2023-11-16,181.29025
LP68349905,2023-11-17,182.86378
LP68349905,2023-11-20,183.68076
LP68349905,2023-11-21,181.13793
LP68349905,2023-11-22,181.19622
LP68349905,2023-11-23,181.05496
LP68349905,2023-11-24,182.42611
LP68349905,2023-11-27,182.14513
LP68349905,2023-11-28,182.61323
LP68349905,2023-11-29,184.61757
LP68349905,2023-11-30,184.70495
LP68349905,2023-12-01,187.30216
LP68349905,2023-12-04,185.91316
LP68349905,2023-12-05,185.30462
LP68349905,2023-12-06,187.19743
LP68349905,2023-12-07,186.76889
LP68349905,2023-12-08,187.95822
LP68349905,2023-12-11,188.37986
LP68349905,2023-12-12,187.51315
LP68349905,2023-12-13,186.85216
LP68349905,2023-12-14,191.61553
LP68349905,2023-12-15,191.66992
LP68349905,2023-12-18,193.07847
LP68349905,2023-12-19,194.61813
LP68349905,2023-12-20,195.61201
LP68349905,2023-12-21,195.2675
LP68349905,2023-12-22,195.2415
LP68349905,2023-12-25,195.2415
LP68349905,2023-12-26,195.2415
LP68349905,2023-12-27,196.13745
LP68349905,2023-12-28,194.97012
LP68349905,2023-12-29,194.58491
LP68349905,2024-01-01,194.58491
LP68349905,2024-01-02,195.352
LP68349905,2024-01-03,192.2925
LP68349905,2024-01-04,193.88765
LP68349905,2024-01-05,194.18947
LP68349905,2024-01-08,194.64959
LP68349905,2024-01-09,193.93816
LP68349905,2024-01-10,193.01579
LP68349905,2024-01-11,192.04827
LP68349905,2024-01-12,191.91418
LP68349905,2024-01-15,191.04053
LP68349905,2024-01-16,189.48656
LP68349905,2024-01-17,187.54391
LP68349905,2024-01-18,188.78656
LP68349905,2024-01-19,187.03939
LP68349905,2024-01-22,187.87711
LP68349905,2024-01-23,188.96683
LP68349905,2024-01-24,190.86973
LP68349905,2024-01-25,190.36051
LP68349905,2024-01-26,192.14493
LP68349905,2024-01-29,192.01436
LP68349905,2024-01-30,192.34778
LP68349905,2024-01-31,193.33141
LP68349905,2024-02-01,191.64628
LP68349905,2024-02-02,193.34869
LP68349905,2024-02-05,192.65824
LP68349905,2024-02-06,194.143
LP68349905,2024-02-07,192.52114
LP68349905,2024-02-08,192.62628
LP68349905,2024-02-09,192.40824
LP68349905,2024-02-12,194.50488
LP68349905,2024-02-13,192.4991
LP68349905,2024-02-14,193.11202
LP68349905,2024-02-15,194.70439
LP68349905,2024-02-16,194.92244
LP68349905,2024-02-19,193.91166
LP68349905,2024-02-20,192.84477
LP68349905,2024-02-21,194.12319
LP68349905,2024-02-22,195.59111
LP68349905,2024-02-23,195.90569
LP68349905,2024-02-26,194.90712
LP68349905,2024-02-27,196.5021
LP68349905,2024-02-28,195.50485
LP68349905,2024-02-29,195.44009
LP68349905,2024-03-01,196.63881
LP68349905,2024-03-04,195.60074
LP68349905,2024-03-05,194.96586
LP68349905,2024-03-06,195.69226
LP68349905,2024-03-07,195.78342
LP68349905,2024-03-08,196.32695
LP68349905,2024-03-11,196.32647
LP68349905,2024-03-12,198.74462
LP68349905,2024-03-13,198.66714
LP68349905,2024-03-14,198.38982
LP68349905,2024-03-15,199.53762
LP68349905,2024-03-18,199.78853
LP68349905,2024-03-19,201.39619
LP68349905,2024-03-20,201.73921
LP68349905,2024-03-21,203.54487
LP68349905,2024-03-22,203.79486
LP68349905,2024-03-25,203.77699
LP68349905,2024-03-26,204.8203
LP68349905,2024-03-27,205.38061
LP68349905,2024-03-28,206.37389
LP68349905,2024-03-29,206.37389
LP68349905,2024-04-01,206.37389
LP68349905,2024-04-02,205.68376
LP68349905,2024-04-03,208.02145
LP68349905,2024-04-04,209.53417
LP68349905,2024-04-05,208.07958
LP68349905,2024-04-08,210.07333
LP68349905,2024-04-09,210.22007
LP68349905,2024-04-10,210.27752
LP68349905,2024-04-11,208.01921
LP68349905,2024-04-12,206.47971
LP68349905,2024-04-15,206.18137
LP68349905,2024-04-16,202.05016
LP68349905,2024-04-17,203.09033
LP68349905,2024-04-18,204.52648
LP68349905,2024-04-19,203.67822
LP68349905,2024-04-22,204.75633
LP68349905,2024-04-23,205.8725
LP68349905,2024-04-24,205.50543
LP68349905,2024-04-25,204.55117
LP68349905,2024-04-26,206.03327
LP68349905,2024-04-29,207.34392
LP68349905,2024-04-30,204.27167
LP68349905,2024-05-01,204.27167
LP68349905,2024-05-02,204.88388
LP68349905,2024-05-03,205.57261
LP68349905,2024-05-06,207.1712
LP68349905,2024-05-07,207.81855
LP68349905,2024-05-08,207.20685
LP68349905,2024-05-09,207.20685
LP68349905,2024-05-10,209.39232
LP68349905,2024-05-13,210.34441
LP68349905,2024-05-14,212.04048
LP68349905,2024-05-15,212.67478
LP68349905,2024-05-16,211.48404
LP68349905,2024-05-17,211.59206
LP68349905,2024-05-20,211.59206
LP68349905,2024-05-21,211.53807
LP68349905,2024-05-22,209.66396
LP68349905,2024-05-23,209.73156
LP68349905,2024-05-24,210.49897
LP68349905,2024-05-27,211.45419
LP68349905,2024-05-28,211.80662
LP68349905,2024-05-29,209.03358
LP68349905,2024-05-30,210.3963
LP68349905,2024-05-31,210.48971
LP68349905,2024-06-03,211.73983
LP68349905,2024-06-04,208.26821
LP68349905,2024-06-05,207.71003
LP68349905,2024-06-06,208.20232
LP68349905,2024-06-07,207.65014
LP68349905,2024-06-10,207.48531
LP68349905,2024-06-11,206.29138
LP68349905,2024-06-12,207.78279
LP68349905,2024-06-13,203.64173
LP68349905,2024-06-14,199.66693
LP68349905,2024-06-17,200.28828
LP68349905,2024-06-18,201.3283
LP68349905,2024-06-19,201.59143
LP68349905,2024-06-20,203.75827
LP68349905,2024-06-21,201.23462
LP68349905,2024-06-24,203.62013
LP68349905,2024-06-25,202.66516
LP68349905,2024-06-26,201.33099
LP68349905,2024-06-27,200.77927
LP68349905,2024-06-28,200.80577
LP68349905,2024-07-01,201.87405
LP68349905,2024-07-02,200.72051
LP68349905,2024-07-03,202.992
LP68349905,2024-07-04,204.14656
LP68349905,2024-07-05,203.96258
LP68349905,2024-07-08,203.60483
LP68349905,2024-07-09,201.4729
LP68349905,2024-07-10,202.57205
LP68349905,2024-07-11,204.56183
LP68349905,2024-07-12,206.04228
LP68349905,2024-07-15,204.69025
LP68349905,2024-07-16,204.79503
LP68349905,2024-07-17,204.60198
LP68349905,2024-07-18,204.44051
LP68349905,2024-07-19,201.55911
LP68349905,2024-07-22,201.79365
LP68349905,2024-07-23,200.8292
LP68349905,2024-07-24,200.36547
LP68349905,2024-07-25,198.34246
LP68349905,2024-07-26,198.17426
LP68349905,2024-07-29,196.98637
LP68349905,2024-07-30,197.69202
LP68349905,2024-07-31,197.76282
LP68349905,2024-08-01,192.52662
LP68349905,2024-08-02,187.02955
LP68349905,2024-08-05,183.14049
LP68349905,2024-08-06,183.18188
LP68349905,2024-08-07,185.34914
LP68349905,2024-08-08,184.5238
LP68349905,2024-08-09,185.00861
LP68349905,2024-08-12,185.2886
LP68349905,2024-08-13,184.92795
LP68349905,2024-08-14,185.52012
LP68349905,2024-08-15,185.52012
LP68349905,2024-08-16,188.43543
LP68349905,2024-08-19,189.89856
LP68349905,2024-08-20,188.56796
LP68349905,2024-08-21,189.63343
LP68349905,2024-08-22,189.70478
LP68349905,2024-08-23,191.47302
LP68349905,2024-08-26,191.88423
LP68349905,2024-08-27,192.89604
LP68349905,2024-08-28,192.43198
LP68349905,2024-08-29,193.60215
LP68349905,2024-08-30,194.02992
LP68349905,2024-09-02,193.83769
LP68349905,2024-09-03,190.54597
LP68349905,2024-09-04,188.98101
LP68349905,2024-09-05,189.01958
LP68349905,2024-09-06,185.78577
LP68349905,2024-09-09,185.947
LP68349905,2024-09-10,183.64536
LP68349905,2024-09-11,184.66989
LP68349905,2024-09-12,186.63878
LP68349905,2024-09-13,189.55569
LP68349905,2024-09-16,189.20712
LP68349905,2024-09-17,192.16072
LP68349905,2024-09-18,192.47826
LP68349905,2024-09-19,195.51745
LP68349905,2024-09-20,191.22187
LP68349905,2024-09-23,191.33983
LP68349905,2024-09-24,194.13088
LP68349905,2024-09-25,193.7674
LP68349905,2024-09-26,197.83864
LP68349905,2024-09-27,201.26519
LP68349905,2024-09-30,197.62424
LP68349905,2024-10-01,196.275
LP68349905,2024-10-02,195.3503
LP68349905,2024-10-03,193.44982
LP68349905,2024-10-04,196.85548
LP68349905,2024-10-07,197.07279
LP68349905,2024-10-08,194.02331
LP68349905,2024-10-09,195.65296
LP68349905,2024-10-10,195.19519
LP68349905,2024-10-11,194.98685
LP68349905,2024-10-14,194.46612
LP68349905,2024-10-15,193.17955
LP68349905,2024-10-16,193.34831
LP68349905,2024-10-17,193.74215
LP68349905,2024-10-18,194.93506
LP68349905,2024-10-21,193.40109
LP68349905,2024-10-22,193.92243
LP68349905,2024-10-23,192.41408
LP68349905,2024-10-24,193.10572
LP68349905,2024-10-25,194.63683
LP68349905,2024-10-28,194.77551
LP68349905,2024-10-29,193.9322
LP68349905,2024-10-30,192.82082
LP68349905,2024-10-31,191.4464
LP68349905,2024-11-01,191.4464
LP68349905,2024-11-04,192.71167
LP68349905,2024-11-05,193.8872
LP68349905,2024-11-06,191.93539
LP68349905,2024-11-07,195.38131
LP68349905,2024-11-08,193.21696
LP68349905,2024-11-11,194.76863
LP68349905,2024-11-12,189.87433
LP68349905,2024-11-13,188.8991
LP68349905,2024-11-14,191.44672
LP68349905,2024-11-15,192.08482
LP68349905,2024-11-18,191.53939
LP68349905,2024-11-19,189.55713
LP68349905,2024-11-20,188.58497
LP68349905,2024-11-21,187.78954
LP68349905,2024-11-22,189.11111
LP68349905,2024-11-25,189.60484
LP68349905,2024-11-26,186.72904
LP68349905,2024-11-27,186.52162
LP68349905,2024-11-28,187.55868
LP68349905,2024-11-29,188.70597
LP68349905,2024-12-02,188.84966
LP68349905,2024-12-03,189.65871
LP68349905,2024-12-04,190.78863
LP68349905,2024-12-05,193.08089
LP68349905,2024-12-06,193.88194
LP68349905,2024-12-09,196.18707
LP68349905,2024-12-10,195.88214
LP68349905,2024-12-11,196.23586
LP68349905,2024-12-12,195.54909
LP68349905,2024-12-13,194.28979
LP68349905,2024-12-16,192.60086
LP68349905,2024-12-17,191.29413
LP68349905,2024-12-18,191.41121
LP68349905,2024-12-19,188.33322
LP68349905,2024-12-20,187.92005
LP68349905,2024-12-23,187.69861
LP68349905,2024-12-24,187.69861
LP68349905,2024-12-25,187.69861
LP68349905,2024-12-26,187.69861
LP68349905,2024-12-27,189.55332
LP68349905,2024-12-30,189.35718
LP68349905,2024-12-31,190.34778
LP68349905,2025-01-01,190.34778
LP68349905,2025-01-02,191.23205
LP68349905,2025-01-03,188.85837
LP68349905,2025-01-06,191.51721
LP68349905,2025-01-07,192.99445
LP68349905,2025-01-08,191.44081
LP68349905,2025-01-09,191.5824
LP68349905,2025-01-10,189.87416
LP68349905,2025-01-13,189.83643
LP68349905,2025-01-14,191.02135
LP68349905,2025-01-15,194.55701
LP68349905,2025-01-16,194.35335
LP68349905,2025-01-17,197.02521
LP68349905,2025-01-20,198.33864
LP68349905,2025-01-21,198.09345
LP68349905,2025-01-22,197.37723
LP68349905,2025-01-23,198.44919
LP68349905,2025-01-24,199.67532
LP68349905,2025-01-27,199.14316
LP68349905,2025-01-28,199.33127
LP68349905,2025-01-29,199.31215
LP68349905,2025-01-30,201.30821
LP68349905,2025-01-31,200.38499
LP68349905,2025-02-03,197.1938
LP68349905,2025-02-04,199.02087
LP68349905,2025-02-05,198.39113
LP68349905,2025-02-06,204.91828
LP68349905,2025-02-07,205.22531
LP68349905,2025-02-10,206.33546
LP68349905,2025-02-11,205.55756
LP68349905,2025-02-12,205.95482
LP68349905,2025-02-13,210.30118
LP68349905,2025-02-14,209.69526
LP68349905,2025-02-17,210.55517
LP68349905,2025-02-18,211.15115
LP68349905,2025-02-19,206.55223
LP68349905,2025-02-20,205.65858
LP68349905,2025-02-21,206.34896
LP68349905,2025-02-24,206.90971
LP68349905,2025-02-25,206.23926
LP68349905,2025-02-26,209.47724
LP68349905,2025-02-27,206.82401
LP68349905,2025-02-28,204.95998
LP68349905,2025-03-03,206.12698
LP68349905,2025-03-04,197.63309
LP68349905,2025-03-05,207.90638
LP68349905,2025-03-06,213.47794
LP68349905,2025-03-07,211.7179
LP68349905,2025-03-10,208.52328
LP68349905,2025-03-11,205.28742
LP68349905,2025-03-12,206.34542
LP68349905,2025-03-13,205.15582
LP68349905,2025-03-14,209.25214
LP68349905,2025-03-17,211.04748
LP68349905,2025-03-18,213.70482
LP68349905,2025-03-19,213.03289
LP68349905,2025-03-20,210.13887
LP68349905,2025-03-21,208.10444
LP68349905,2025-03-24,209.67757
LP68349905,2025-03-25,211.35835
LP68349905,2025-03-26,209.70319
LP68349905,2025-03-27,207.45077
LP68349905,2025-03-28,203.31134
LP68349905,2025-03-31,198.63585
LP68349905,2025-04-01,200.58007
LP68349905,2025-04-02,200.29091
LP68349905,2025-04-03,191.53495
LP68349905,2025-04-04,181.18171
LP68349905,2025-04-07,176.07991
LP68349905,2025-04-08,179.00791
LP68349905,2025-04-09,174.17265
LP68349905,2025-04-10,179.65679
LP68349905,2025-04-11,179.87434
LP68349905,2025-04-14,185.16174
LP68349905,2025-04-15,188.03198
LP68349905,2025-04-16,187.84237
LP68349905,2025-04-17,188.05091
LP68349905,2025-04-18,188.05091
LP68349905,2025-04-21,188.05091
LP68349905,2025-04-22,190.46733
LP68349905,2025-04-23,195.3868
LP68349905,2025-04-24,196.22053
LP68349905,2025-04-25,197.88705
LP68349905,2025-04-28,198.9153
LP68349905,2025-04-29,199.67806
LP68349905,2025-04-30,198.80823
LP68349905,2025-05-01,198.80823
LP68349905,2025-05-02,203.54971
LP68349905,2025-05-05,204.35999
LP68349905,2025-05-06,204.48298
LP68349905,2025-05-07,203.92181
LP68349905,2025-05-08,206.22965
LP68349905,2025-05-09,206.22965
LP68349905,2025-05-12,214.57657
LP68349905,2025-05-13,216.78118
LP68349905,2025-05-14,216.6432
LP68349905,2025-05-15,215.99436
LP68349905,2025-05-16,215.25795
LP68349905,2025-05-19,216.08941
LP68349905,2025-05-20,217.80947
LP68349905,2025-05-21,218.00583
LP68349905,2025-05-22,215.69253
LP68349905,2025-05-23,213.713
LP68349905,2025-05-26,216.83283
LP68349905,2025-05-27,217.58257
LP68349905,2025-05-28,216.86942
LP68349905,2025-05-29,216.86942
LP68349905,2025-05-30,215.68555
LP68349905,2025-06-02,215.49123
LP68349905,2025-06-03,215.68662
LP68349905,2025-06-04,217.18147
LP68349905,2025-06-05,216.6516
LP68349905,2025-06-06,216.60757
LP68349905,2025-06-09,216.60757
LP68349905,2025-06-10,218.57556
LP68349905,2025-06-11,217.70207
LP68349905,2025-06-12,216.14751
LP68349905,2025-06-13,213.68002
LP68349905,2025-06-16,215.08743
LP68349905,2025-06-17,213.14448
LP68349905,2025-06-18,213.06008
LP68349905,2025-06-19,210.18951
LP68349905,2025-06-20,210.78209
LP68349905,2025-06-23,210.78209
LP68349905,2025-06-24,213.13111
LP68349905,2025-06-25,212.00539
LP68349905,2025-06-26,213.28741
LP68349905,2025-06-27,216.2577
LP68349905,2025-06-30,214.15415
LP68349905,2025-07-01,214.24339
LP68349905,2025-07-02,217.7439
LP68349905,2025-07-03,218.95903
LP68349905,2025-07-04,216.83498
LP68349905,2025-07-07,217.67043
LP68349905,2025-07-08,219.92372
LP68349905,2025-07-09,220.84346
LP68349905,2025-07-10,223.19128
LP68349905,2025-07-11,220.88152
LP68349905,2025-07-14,219.21817
LP68349905,2025-07-15,218.83628
LP68349905,2025-07-16,215.2139
LP68349905,2025-07-17,216.17746
LP68349905,2025-07-18,216.92843
LP68349905,2025-07-21,218.28547
LP68349905,2025-07-22,217.29726
LP68349905,2025-07-23,221.31908
LP68349905,2025-07-24,221.1295
LP68349905,2025-07-25,221.38552
LP68349905,2025-07-28,220.78474
LP68349905,2025-07-29,221.17188
LP68349905,2025-07-30,220.38638
LP68349905,2025-07-31,219.05774
LP68349905,2025-08-01,214.43817
LP68349905,2025-08-04,214.90376
LP68349905,2025-08-05,216.90626
LP68349905,2025-08-06,218.3051
LP68349905,2025-08-07,222.3459
LP68349905,2025-08-08,225.11137
LP68349905,2025-08-11,224.08036
LP68349905,2025-08-12,225.83682
LP68349905,2025-08-13,226.19122
LP68349905,2025-08-14,227.96247
LP68349905,2025-08-15,227.96247
LP68349905,2025-08-18,227.91592
LP68349905,2025-08-19,231.08259
LP68349905,2025-08-20,229.96858
LP68349905,2025-08-21,229.17406
LP68349905,2025-08-22,231.916
LP68349905,2025-08-25,230.28824
LP68349905,2025-08-26,228.3424
LP68349905,2025-08-27,226.20465
LP68349905,2025-08-28,225.9856
LP68349905,2025-08-29,224.68251
LP68349905,2025-09-01,225.68574
LP68349905,2025-09-02,221.61153
LP68349905,2025-09-03,222.37816
LP68349905,2025-09-04,222.88992
LP68349905,2025-09-05,223.24671
LP68349905,2025-09-08,225.18924
LP68349905,2025-09-09,225.69052
LP68349905,2025-09-10,224.87323
LP68349905,2025-09-11,226.14395
LP68349905,2025-09-12,225.78381
LP68349905,2025-09-15,226.89638
LP68349905,2025-09-16,225.50732
LP68349905,2025-09-17,224.90254
LP68349905,2025-09-18,225.53332
LP68349905,2025-09-19,225.55014
LP68349905,2025-09-22,223.56334
LP68349905,2025-09-23,225.31607
LP68349905,2025-09-24,225.16671
LP68349905,2025-09-25,223.92804
LP68349905,2025-09-26,225.72455
LP68349905,2025-09-29,225.51328
LP68349905,2025-09-30,225.11285
LP68349905,2025-10-01,227.1775
LP68349905,2025-10-02,228.51756
LP68349905,2025-10-03,230.26332
LP68349905,2025-10-06,229.65482
LP68349905,2025-10-07,228.92718
LP68349905,2025-10-08,230.26611
LP68349905,2025-10-09,229.75563
LP68349905,2025-10-10,224.98758
LP68349905,2025-10-13,227.37443
LP68349905,2025-10-14,225.40411
LP68349905,2025-10-15,227.08593
LP68349905,2025-10-16,228.56686
LP68349905,2025-10-17,227.002
LP68349905,2025-10-20,229.19347
LP68349905,2025-10-21,228.50911
LP68349905,2025-10-22,228.94586
LP68349905,2025-10-23,229.99796
LP68349905,2025-10-24,231.21027
LP68349905,2025-10-27,230.91673
LP68349905,2025-10-28,231.36278
LP68349905,2025-10-29,231.22819
LP68349905,2025-10-30,230.69199
LP68349905,2025-10-31,230.12213
LP68349905,2025-11-03,231.0721
LP68349905,2025-11-04,227.15212
LP68349905,2025-11-05,228.28089
LP68349905,2025-11-06,227.40882
LP68349905,2025-11-07,227.47188
LP68349905,2025-11-10,230.66018
LP68349905,2025-11-11,232.23137
LP68349905,2025-11-12,234.14829
LP68349905,2025-11-13,234.16374
LP68349905,2025-11-14,232.17631
LP68349905,2025-11-17,230.65355
LP68349905,2025-11-18,225.43392
LP68349905,2025-11-19,226.90014
LP68349905,2025-11-20,226.12295
LP68349905,2025-11-21,226.16163
LP68349905,2025-11-24,228.23056
LP68349905,2025-11-25,231.02096
LP68349905,2025-11-26,233.64739
LP68349905,2025-11-27,234.24931
LP68349905,2025-11-28,235.88711
LP68349905,2025-12-01,236.58319
LP68349905,2025-12-02,235.86249
LP68349905,2025-12-03,237.40526
LP68349905,2025-12-04,240.3093
LP68349905,2025-12-05,241.54749
LP68349905,2025-12-08,240.89732
LP68349905,2025-12-09,240.16017
LP68349905,2025-12-10,239.54214
LP68349905,2025-12-11,242.66402
LP68349905,2025-12-12,242.57735
LP68349905,2025-12-15,243.32681
LP68349905,2025-12-16,241.7564
LP68349905,2025-12-17,241.4483
LP68349905,2025-12-18,243.53345
LP68349905,2025-12-19,243.17345
LP68349905,2025-12-22,244.60237
LP68349905,2025-12-23,244.49043
LP68349905,2025-12-24,244.49043
LP68349905,2025-12-25,244.49043
LP68349905,2025-12-26,244.49043
LP68349905,2025-12-29,245.34189
LP68349905,2025-12-30,247.44059
LP68349905,2025-12-31,247.00427
LP68349905,2026-01-01,247.00427
LP68349905,2026-01-02,249.67416
LP68349905,2026-01-05,250.54042
LP68349905,2026-01-06,251.7692
LP68349905,2026-01-07,251.66571
LP68349905,2026-01-08,250.02065
LP68349905,2026-01-09,251.906
LP68349905,2026-01-12,251.12058
LP68349905,2026-01-13,250.53548
LP68349905,2026-01-14,252.49871
LP68349905,2026-01-15,254.97142
LP68349905,2026-01-16,252.38293
LP68349905,2026-01-19,250.07365
LP68349905,2026-01-20,248.317
LP68349905,2026-01-21,252.12761
LP68349905,2026-01-22,256.98044
LP68349905,2026-01-23,256.16222
LP68349905,2026-01-26,256.45375
LP68349905,2026-01-27,256.66504
LP68349905,2026-01-28,257.52348
LP68349905,2026-01-29,256.77891
LP68349905,2026-01-30,253.96452
LP68349905,2026-02-02,256.77224
LP68349905,2026-02-03,259.87303
LP68349905,2026-02-04,261.23849
LP68349905,2026-02-05,259.52578
LP68349905,2026-02-06,260.33106
LP68349905,2026-02-09,263.28855
LP68349905,2026-02-10,266.15441
LP68349905,2026-02-11,269.55075
LP68349905,2026-02-12,267.96165
LP68349905,2026-02-13,267.72422
LP68349905,2026-02-16,268.09968
LP68349905,2026-02-17,267.6218
LP68349905,2026-02-18,270.60424
LP68349905,2026-02-19,268.86113
LP68349905,2026-02-20,270.10089
LP68349905,2026-02-23,268.96695
LP68349905,2026-02-24,270.86143
LP68349905,2026-02-25,272.412
LP68349905,2026-02-26,267.34036
LP68349905,2026-02-27,265.94052
LP68349905,2026-03-02,260.82837
LP68349905,2026-03-03,251.63056
LP68349905,2026-03-04,254.79776
LP68349905,2026-03-05,249.97362
LP68349905,2026-03-06,245.81338
LP68349905,2026-03-09,241.31429
LP68349905,2026-03-10,248.079
LP68349905,2026-03-11,247.15468
LP68349905,2026-03-12,245.47967
LP68349905,2026-03-13,240.53438
LP68349905,2026-03-16,240.61314
LP68349905,2026-03-17,242.53824
LP68349905,2026-03-18,242.14828
LP68349905,2026-03-19,234.441
LP68349905,2026-03-20,231.56657
LP68349905,2026-03-23,237.24536
LP68349905,2026-03-24,239.97555
LP68349905,2026-03-25,243.57323
LP68349905,2026-03-26,242.01962
LP68349905,2026-03-27,241.15329
LP68349905,2026-03-30,241.52735
LP68349905,2026-03-31,243.56556
LP68349905,2026-04-01,248.77074
LP68349905,2026-04-02,247.46055
LP68349905,2026-04-03,247.46055
LP68349905,2026-04-06,247.46055
LP68349905,2026-04-07,245.58514
LP68349905,2026-04-08,257.31918
LP68349905,2026-04-09,257.60965
LP68349905,2026-04-10,259.87927
LP68349905,2026-04-13,258.05753
LP68349905,2026-04-14,260.9191
LP68349905,2026-04-15,260.17448
LP68349905,2026-04-16,260.55965
LP68349905,2026-04-17,265.59909
LP68349905,2026-04-20,262.51554
LP68349905,2026-04-21,259.88354
LP68349905,2026-04-22,259.20357
LP68349905,2026-04-23,260.71622
LP68349905,2026-04-24,257.85001
LP68349905,2026-04-27,258.25247
LP68349905,2026-04-28,255.1894
LP68349905,2026-04-29,253.55223
LP68349905,2026-04-30,257.48998
LP68349905,2026-05-01,257.48998
LP68349905,2026-05-04,256.84874
LP68349905,2026-05-05,258.91778
LP68349905,2026-05-06,266.14396
LP68349905,2026-05-07,263.81166
LP68349905,2026-05-08,263.18924
LP68349905,2026-05-11,266.01557
LP68349905,2026-05-12,262.05392
LP68349905,2026-05-13,266.09465
LP68349905,2026-05-14,266.09465
LP68349905,2026-05-15,262.8326
LP68349905,2026-05-18,263.52014
LP68349905,2026-05-19,260.18855
LP68349905,2026-05-20,264.27709
LP68349905,2026-05-21,264.91527
LP68349905,2026-05-22,267.5442
LP68349905,2026-05-25,267.5442
LP68349905,2026-05-26,270.15109
LP68349905,2026-05-27,270.98596
LP68349905,2026-05-28,270.34011
LP68349905,2026-05-29,270.43673
LP68349905,2026-06-01,268.42589
LP68349905,2026-06-02,272.77803
LP68349905,2026-06-03,269.73818
LP68349905,2026-06-04,269.62905
LP68349905,2026-06-05,266.26723
LP68349905,2026-06-08,264.00834
LP68349905,2026-06-09,261.68856
LP68349905,2026-06-10,259.98414
LP68349905,2026-06-11,261.61945
LP68349905,2026-06-12,268.57369
LP68349905,2026-06-15,272.24339
LP68349905,2026-06-16,270.99156
LP68349905,2026-06-17,271.2545
LP68349905,2026-06-18,267.7688
LP68349905,2026-06-19,266.25604
LP68349905,2026-06-22,267.62011
LP68349905,2026-06-23,267.62011
LP68349905,2026-06-24,261.8587
LP68349905,2026-06-25,264.44378
LP68349905,2026-06-26,260.96316
LP68349905,2026-06-29,257.25027
LP68349905,2026-06-30,258.78036
LP68349905,2026-07-01,258.19394
LP68349905,2026-07-02,262.80944
LP68349905,2026-07-03,266.46951
LP68349905,2026-07-06,266.25647
LP68349905,2026-07-07,263.45607
LP68349905,2026-07-08,257.50702
LP68349905,2026-07-09,259.78098
LP68349905,2026-07-10,264.22992
LP68349905,2026-07-13,265.05076
LP68349905,2026-07-14,265.611
LP68349905,2026-07-15,266.38635
LP68349905,2026-07-16,265.82211
LP68349905,2026-07-17,262.52197
LP68349905,2026-07-20,260.21318
LP68349905,2026-07-21,262.13567
LP68349905,2026-07-22,263.3496
LP68349905,2026-07-23,261.1517
LP68349905,2026-07-24,262.8748
LP68349905,2026-07-27,262.67959
LP68349905,2026-07-28,263.29005
LP68349905,2026-07-29,263.08471
LP68349905,2026-07-30,267.25397
LP68349905,2026-07-31,267.08176
LP68349905,2026-08-03,270.24678
LP68349905,2026-08-04,274.22387
LP68349905,2026-08-05,275.44633
LP68349905,2026-08-06,276.03779
LP68349905,2026-08-07,276.25469
LP68349905,2026-08-10,276.46881
LP68349905,2026-08-11,276.53714
LP68349905,2026-08-12,275.80106
LP68349905,2026-08-13,274.18641
LP68349905,2026-08-14,274.77488
LP68349905,2026-08-17,273.24826
LP68349905,2026-08-18,270.10952
LP68349905,2026-08-19,272.61175
LP68349905,2026-08-20,271.38954
LP68349905,2026-08-21,273.93045
LP68349905,2026-08-24,274.29752
LP68349905,2026-08-25,275.45749
LP68349905,2026-08-26,276.87295
LP68349905,2026-08-27,275.92801
LP68349905,2026-08-28,277.95323
LP68349905,2026-08-31,277.47789
LP68349905,2026-09-01,273.79953
LP68349905,2026-09-02,272.62864
LP68349905,2026-09-03,275.20671
LP68349905,2026-09-04,276.59538
LP68349905,2026-09-07,276.30775
LP68349905,2026-09-08,278.54252
LP68349905,2026-09-09,274.31802
LP68349905,2026-09-10,270.90233
LP68349905,2026-09-11,271.13897
LP68349905,2026-09-14,266.61712
LP68349905,2026-09-15,266.40103
LP68349905,2026-09-16,267.9113
LP68349905,2026-09-17,270.36534
LP68349905,2026-09-18,265.50445
LP68349905,2026-09-21,267.1853
LP68349905,2026-09-22,270.47446
LP68349905,2026-09-23,267.57983
LP68349905,2026-09-24,264.17071
LP68349905,2026-09-25,266.25165
LP68349905,2026-09-28,266.9293
LP68349905,2026-09-29,266.77347
LP68640422,2023-01-02,144.388987
LP68640422,2023-01-03,144.990243
LP68640422,2023-01-04,145.610306
LP68640422,2023-01-05,146.354906
LP68640422,2023-01-06,146.354906
LP68640422,2023-01-09,149.00077
LP68640422,2023-01-10,149.29808
LP68640422,2023-01-11,150.08938
LP68640422,2023-01-12,151.36215
LP68640422,2023-01-13,152.822204
LP68640422,2023-01-16,153.464142
LP68640422,2023-01-17,153.991052
LP68640422,2023-01-18,154.460967
LP68640422,2023-01-19,153.786747
LP68640422,2023-01-20,154.943651
LP68640422,2023-01-23,155.967815
LP68640422,2023-01-24,154.898232
LP68640422,2023-01-25,154.276466
LP68640422,2023-01-26,155.120069
LP68640422,2023-01-27,156.362459
LP68640422,2023-01-30,154.833058
LP68640422,2023-01-31,155.272731
LP68640422,2023-02-01,156.669276
LP68640422,2023-02-02,156.738408
LP68640422,2023-02-03,156.680456
LP68640422,2023-02-06,155.980108
LP68640422,2023-02-07,156.97185
LP68640422,2023-02-08,157.603179
LP68640422,2023-02-09,157.4018
LP68640422,2023-02-10,158.157385
LP68640422,2023-02-13,158.314899
LP68640422,2023-02-14,158.249357
LP68640422,2023-02-15,158.269701
LP68640422,2023-02-16,157.83672
LP68640422,2023-02-17,156.803723
LP68640422,2023-02-20,157.174
LP68640422,2023-02-21,156.9655
LP68640422,2023-02-22,155.6374
LP68640422,2023-02-23,157.5266
LP68640422,2023-02-24,158.0077
LP68640422,2023-02-27,159.1559
LP68640422,2023-02-28,158.4857
LP68640422,2023-03-01,157.4627
LP68640422,2023-03-02,157.3497
LP68640422,2023-03-03,159.5
LP68640422,2023-03-06,158.7544
LP68640422,2023-03-07,157.5928
LP68640422,2023-03-08,158.1055
LP68640422,2023-03-09,156.1333
LP68640422,2023-03-10,154.5702
LP68640422,2023-03-13,150.8633
LP68640422,2023-03-14,152.1589
LP68640422,2023-03-15,147.5127
LP68640422,2023-03-16,146.6601
LP68640422,2023-03-17,145.1145
LP68640422,2023-03-20,145.317029
LP68640422,2023-03-21,147.6723
LP68640422,2023-03-22,147.2602
LP68640422,2023-03-23,146.7511
LP68640422,2023-03-24,145.1232
LP68640422,2023-03-27,146.0692
LP68640422,2023-03-28,147.2
LP68640422,2023-03-29,148.5317
LP68640422,2023-03-30,150.0922
LP68640422,2023-03-31,150.5258
LP68640422,2023-04-03,152.6933
LP68640422,2023-04-04,152.0706
LP68640422,2023-04-05,150.72136
LP68640422,2023-04-06,150.72136
LP68640422,2023-04-07,150.72136
LP68640422,2023-04-10,151.3458
LP68640422,2023-04-11,151.6058
LP68640422,2023-04-12,151.5017
LP68640422,2023-04-13,152.4827
LP68640422,2023-04-14,152.4951
LP68640422,2023-04-17,152.5511
LP68640422,2023-04-18,152.7282
LP68640422,2023-04-19,151.6288
LP68640422,2023-04-20,149.7579
LP68640422,2023-04-21,149.8689
LP68640422,2023-04-24,149.6757
LP68640422,2023-04-25,148.5936
LP68640422,2023-04-26,147.8864
LP68640422,2023-04-27,149.5262
LP68640422,2023-04-28,150.7761
LP68640422,2023-05-01,150.7761
LP68640422,2023-05-02,149.055686
LP68640422,2023-05-03,148.4875
LP68640422,2023-05-04,147.5746
LP68640422,2023-05-05,149.9248
LP68640422,2023-05-08,150.8768
LP68640422,2023-05-09,151.5644
LP68640422,2023-05-10,151.1743
LP68640422,2023-05-11,150.1816
LP68640422,2023-05-12,150.9033
LP68640422,2023-05-15,151.084318
LP68640422,2023-05-16,149.7016
LP68640422,2023-05-17,150.3512
LP68640422,2023-05-18,150.8339
LP68640422,2023-05-19,151.069
LP68640422,2023-05-22,151.039
LP68640422,2023-05-23,151.3945
LP68640422,2023-05-24,149.3154
LP68640422,2023-05-25,147.4863
LP68640422,2023-05-26,148.4799
LP68640422,2023-05-29,148.2894
LP68640422,2023-05-30,147.1357
LP68640422,2023-05-31,145.3886
LP68640422,2023-06-01,146.1383
LP68640422,2023-06-02,149.4352
LP68640422,2023-06-05,149.572
LP68640422,2023-06-06,150.0776
LP68640422,2023-06-07,151.2019
LP68640422,2023-06-08,151.575
LP68640422,2023-06-09,151.9971
LP68640422,2023-06-12,150.4403
LP68640422,2023-06-13,151.337
LP68640422,2023-06-14,150.7101
LP68640422,2023-06-15,150.5929
LP68640422,2023-06-16,150.9037
LP68640422,2023-06-19,150.0489
LP68640422,2023-06-20,148.6336
LP68640422,2023-06-21,148.4738
LP68640422,2023-06-22,146.9352
LP68640422,2023-06-23,145.7914
LP68640422,2023-06-26,145.8224
LP68640422,2023-06-27,145.0621
LP68640422,2023-06-28,145.8958
LP68640422,2023-06-29,146.0839
LP68640422,2023-06-30,147.3685
LP68640422,2023-07-03,148.7429
LP68640422,2023-07-04,149.2727
LP68640422,2023-07-05,149.3749
LP68640422,2023-07-06,146.7361
LP68640422,2023-07-07,148.3337
LP68640422,2023-07-10,148.8811
LP68640422,2023-07-11,150.7272
LP68640422,2023-07-12,152.4818
LP68640422,2023-07-13,153.5582
LP68640422,2023-07-14,152.0405
LP68640422,2023-07-17,151.3892
LP68640422,2023-07-18,152.6026
LP68640422,2023-07-19,153.618
LP68640422,2023-07-20,154.9969
LP68640422,2023-07-21,155.6458
LP68640422,2023-07-24,156.9473
LP68640422,2023-07-25,157.5331
LP68640422,2023-07-26,157.6138
LP68640422,2023-07-27,158.4161
LP68640422,2023-07-28,157.366
LP68640422,2023-07-31,158.0694
LP68640422,2023-08-01,157.7063
LP68640422,2023-08-02,156.6412
LP68640422,2023-08-03,156.5972
LP68640422,2023-08-04,157.3479
LP68640422,2023-08-07,157.3121
LP68640422,2023-08-08,156.6439
LP68640422,2023-08-09,158.1237
LP68640422,2023-08-10,157.6052
LP68640422,2023-08-11,157.3873
LP68640422,2023-08-14,157.0383
LP68640422,2023-08-15,157.0383
LP68640422,2023-08-16,155.7336
LP68640422,2023-08-17,155.462
LP68640422,2023-08-18,153.8081
LP68640422,2023-08-21,153.6624
LP68640422,2023-08-22,154.0731
LP68640422,2023-08-23,154.044
LP68640422,2023-08-24,153.6763
LP68640422,2023-08-25,153.8205
LP68640422,2023-08-28,154.4512
LP68640422,2023-08-29,155.3636
LP68640422,2023-08-30,154.8484
LP68640422,2023-08-31,155.2729
LP68640422,2023-09-01,156.3238
LP68640422,2023-09-04,156.3699
LP68640422,2023-09-05,155.8209
LP68640422,2023-09-06,154.6431
LP68640422,2023-09-07,154.6382
LP68640422,2023-09-08,154.7982
LP68640422,2023-09-11,156.1415
LP68640422,2023-09-12,156.9838
LP68640422,2023-09-13,156.4627
LP68640422,2023-09-14,158.5291
LP68640422,2023-09-15,158.5326
LP68640422,2023-09-18,157.6663
LP68640422,2023-09-19,157.1568
LP68640422,2023-09-20,157.213
LP68640422,2023-09-21,156.1808
LP68640422,2023-09-22,156.7385
LP68640422,2023-09-25,156.641888
LP68640422,2023-09-26,155.3174
LP68640422,2023-09-27,156.2004
LP68640422,2023-09-28,157.0328
LP68640422,2023-09-29,157.9154
LP68640422,2023-10-02,155.7078
LP68640422,2023-10-03,153.2592
LP68640422,2023-10-04,150.9516
LP68640422,2023-10-05,151.1644
LP68640422,2023-10-06,152.227268
LP68640422,2023-10-09,153.0776
LP68640422,2023-10-10,155.5638
LP68640422,2023-10-11,154.8507
LP68640422,2023-10-12,154.8507
LP68640422,2023-10-13,155.3363
LP68640422,2023-10-16,154.6513
LP68640422,2023-10-17,154.8086
LP68640422,2023-10-18,154.2128
LP68640422,2023-10-19,152.1524
LP68640422,2023-10-20,151.1572
LP68640422,2023-10-23,149.556
LP68640422,2023-10-24,150.0055
LP68640422,2023-10-25,148.6112
LP68640422,2023-10-26,148.2494
LP68640422,2023-10-27,148.0268
LP68640422,2023-10-30,148.4154
LP68640422,2023-10-31,149.3191
LP68640422,2023-11-01,149.3191
LP68640422,2023-11-02,152.3059
LP68640422,2023-11-03,153.3314
LP68640422,2023-11-06,152.4316
LP68640422,2023-11-07,150.2944
LP68640422,2023-11-08,150.3437
LP68640422,2023-11-09,151.020966
LP68640422,2023-11-10,150.654
LP68640422,2023-11-13,151.4722
LP68640422,2023-11-14,153.1574
LP68640422,2023-11-15,154.1389
LP68640422,2023-11-16,151.0981
LP68640422,2023-11-17,152.6994
LP68640422,2023-11-20,153.2774
LP68640422,2023-11-21,152.2764
LP68640422,2023-11-22,152.7388
LP68640422,2023-11-23,152.9391
LP68640422,2023-11-24,153.6137
LP68640422,2023-11-27,153.4844
LP68640422,2023-11-28,153.2826
LP68640422,2023-11-29,153.5127
LP68640422,2023-11-30,154.15
LP68640422,2023-12-01,155.8289
LP68640422,2023-12-04,154.551
LP68640422,2023-12-05,154.1787
LP68640422,2023-12-06,154.1787
LP68640422,2023-12-07,154.2264
LP68640422,2023-12-08,154.2264
LP68640422,2023-12-11,153.8647
LP68640422,2023-12-12,152.6265
LP68640422,2023-12-13,152.9737
LP68640422,2023-12-14,156.6054
LP68640422,2023-12-15,156.9031
LP68640422,2023-12-18,157.012617
LP68640422,2023-12-19,158.2214
LP68640422,2023-12-20,159.2611
LP68640422,2023-12-21,159.709
LP68640422,2023-12-22,160.246567
LP68640422,2023-12-25,160.246567
LP68640422,2023-12-26,160.2677
LP68640422,2023-12-27,160.178
LP68640422,2023-12-28,160.427
LP68640422,2023-12-29,160.4339
LP68640422,2024-01-01,160.4339
LP68640422,2024-01-02,161.2333
LP68640422,2024-01-03,160.7566
LP68640422,2024-01-04,160.9145
LP68640422,2024-01-05,160.9278
LP68640422,2024-01-08,160.7568
LP68640422,2024-01-09,160.5125
LP68640422,2024-01-10,160.0155
LP68640422,2024-01-11,159.2419
LP68640422,2024-01-12,160.2146
LP68640422,2024-01-15,159.2901
LP68640422,2024-01-16,158.2081
LP68640422,2024-01-17,156.2019
LP68640422,2024-01-18,157.1981
LP68640422,2024-01-19,156.654
LP68640422,2024-01-22,158.2439
LP68640422,2024-01-23,158.9819
LP68640422,2024-01-24,160.3126
LP68640422,2024-01-25,161.34
LP68640422,2024-01-26,161.8819
LP68640422,2024-01-29,161.9266
LP68640422,2024-01-30,161.0156
LP68640422,2024-01-31,160.4273
LP68640422,2024-02-01,160.3917
LP68640422,2024-02-02,159.2177
LP68640422,2024-02-05,157.9912
LP68640422,2024-02-06,160.1967
LP68640422,2024-02-07,158.9979
LP68640422,2024-02-08,159.6936
LP68640422,2024-02-09,158.9853
LP68640422,2024-02-12,160.8392
LP68640422,2024-02-13,159.7621
LP68640422,2024-02-14,159.6731
LP68640422,2024-02-15,160.6419
LP68640422,2024-02-16,161.988
LP68640422,2024-02-19,164.5062
LP68640422,2024-02-20,163.1336
LP68640422,2024-02-21,164.5709
LP68640422,2024-02-22,164.9623
LP68640422,2024-02-23,164.4244
LP68640422,2024-02-26,164.1438
LP68640422,2024-02-27,164.1613
LP68640422,2024-02-28,163.8933
LP68640422,2024-02-29,164.3261
LP68640422,2024-03-01,165.7347
LP68640422,2024-03-04,164.82
LP68640422,2024-03-05,165.1594
LP68640422,2024-03-06,165.3883
LP68640422,2024-03-07,165.5191
LP68640422,2024-03-08,166.3642
LP68640422,2024-03-11,166.0674
LP68640422,2024-03-12,167.6677
LP68640422,2024-03-13,168.2474
LP68640422,2024-03-14,168.5593
LP68640422,2024-03-15,168.3186
LP68640422,2024-03-18,168.604
LP68640422,2024-03-19,169.2029
LP68640422,2024-03-20,170.2081
LP68640422,2024-03-21,171.5375
LP68640422,2024-03-22,171.7428
LP68640422,2024-03-25,171.9062
LP68640422,2024-03-26,172.809
LP68640422,2024-03-27,173.018988
LP68640422,2024-03-28,173.958091
LP68640422,2024-03-29,173.958091
LP68640422,2024-04-01,173.8281
LP68640422,2024-04-02,174.5426
LP68640422,2024-04-03,175.8759
LP68640422,2024-04-04,176.0262
LP68640422,2024-04-05,175.4581
LP68640422,2024-04-08,176.1255
LP68640422,2024-04-09,176.6888
LP68640422,2024-04-10,177.3216
LP68640422,2024-04-11,178.0384
LP68640422,2024-04-12,177.7339
LP68640422,2024-04-15,176.7009
LP68640422,2024-04-16,174.4471
LP68640422,2024-04-17,174.4897
LP68640422,2024-04-18,175.2515
LP68640422,2024-04-19,174.9016
LP68640422,2024-04-22,176.1568
LP68640422,2024-04-23,177.6938
LP68640422,2024-04-24,177.5253
LP68640422,2024-04-25,176.5741
LP68640422,2024-04-26,178.7144
LP68640422,2024-04-29,180.3298
LP68640422,2024-04-30,178.5689
LP68640422,2024-05-01,178.5689
LP68640422,2024-05-02,178.5689
LP68640422,2024-05-03,180.2504
LP68640422,2024-05-06,180.8709
LP68640422,2024-05-07,182.1212
LP68640422,2024-05-08,183.3633
LP68640422,2024-05-09,182.9391
LP68640422,2024-05-10,184.3528
LP68640422,2024-05-13,184.0906
LP68640422,2024-05-14,185.6694
LP68640422,2024-05-15,185.6694
LP68640422,2024-05-16,186.1061
LP68640422,2024-05-17,187.42
LP68640422,2024-05-20,188.7646
LP68640422,2024-05-21,188.1322
LP68640422,2024-05-22,186.0953
LP68640422,2024-05-23,186.9459
LP68640422,2024-05-24,187.693
LP68640422,2024-05-27,189.3551
LP68640422,2024-05-28,189.6644
LP68640422,2024-05-29,187.7523
LP68640422,2024-05-30,189.9335
LP68640422,2024-05-31,191.0605
LP68640422,2024-06-03,191.445
LP68640422,2024-06-04,188.5548
LP68640422,2024-06-05,188.3069
LP68640422,2024-06-06,188.4133
LP68640422,2024-06-07,188.2468
LP68640422,2024-06-10,189.6794
LP68640422,2024-06-11,188.3077
LP68640422,2024-06-12,188.6804
LP68640422,2024-06-13,186.1568
LP68640422,2024-06-14,184.2737
LP68640422,2024-06-17,185.4493
LP68640422,2024-06-18,186.5913
LP68640422,2024-06-19,186.7881
LP68640422,2024-06-20,188.397
LP68640422,2024-06-21,186.982
LP68640422,2024-06-24,189.0248
LP68640422,2024-06-25,188.3924
LP68640422,2024-06-26,188.1109
LP68640422,2024-06-27,188.2722
LP68640422,2024-06-28,188.2397
LP68640422,2024-07-01,188.8911
LP68640422,2024-07-02,188.6045
LP68640422,2024-07-03,190.0712
LP68640422,2024-07-04,190.079
LP68640422,2024-07-05,191.036
LP68640422,2024-07-08,190.7436
LP68640422,2024-07-09,190.2733
LP68640422,2024-07-10,191.7382
LP68640422,2024-07-11,193.1694
LP68640422,2024-07-12,193.9979
LP68640422,2024-07-15,192.6784
LP68640422,2024-07-16,192.9571
LP68640422,2024-07-17,192.1236
LP68640422,2024-07-18,192.0262
LP68640422,2024-07-19,190.6378
LP68640422,2024-07-22,191.4923
LP68640422,2024-07-23,192.1398
LP68640422,2024-07-24,190.6063
LP68640422,2024-07-25,190.6063
LP68640422,2024-07-26,190.7671
LP68640422,2024-07-29,189.8336
LP68640422,2024-07-30,189.9558
LP68640422,2024-07-31,191.7374
LP68640422,2024-08-01,189.5229
LP68640422,2024-08-02,182.6947
LP68640422,2024-08-05,176.4805
LP68640422,2024-08-06,177.3597
LP68640422,2024-08-07,179.9233
LP68640422,2024-08-08,180.1979
LP68640422,2024-08-09,181.669
LP68640422,2024-08-12,182.5903
LP68640422,2024-08-13,182.4613
LP68640422,2024-08-14,183.1406
LP68640422,2024-08-15,183.1406
LP68640422,2024-08-16,185.3897
LP68640422,2024-08-19,186.832
LP68640422,2024-08-20,185.263
LP68640422,2024-08-21,186.608
LP68640422,2024-08-22,185.805
LP68640422,2024-08-23,187.6715
LP68640422,2024-08-26,188.4235
LP68640422,2024-08-27,188.9116
LP68640422,2024-08-28,188.6897
LP68640422,2024-08-29,189.5161
LP68640422,2024-08-30,189.4916
LP68640422,2024-09-02,188.9341
LP68640422,2024-09-03,185.1551
LP68640422,2024-09-04,184.1943
LP68640422,2024-09-05,184.0537
LP68640422,2024-09-06,180.5683
LP68640422,2024-09-09,180.1905
LP68640422,2024-09-10,178.6456
LP68640422,2024-09-11,178.9233
LP68640422,2024-09-12,180.3893
LP68640422,2024-09-13,182.7756
LP68640422,2024-09-16,183.726
LP68640422,2024-09-17,185.0263
LP68640422,2024-09-18,184.5751
LP68640422,2024-09-19,187.5209
LP68640422,2024-09-20,185.31
LP68640422,2024-09-23,186.6579
LP68640422,2024-09-24,188.1494
LP68640422,2024-09-25,186.2678
LP68640422,2024-09-26,188.0085
LP68640422,2024-09-27,190.3457
LP68640422,2024-09-30,189.6008
LP68640422,2024-10-01,190.1734
LP68640422,2024-10-02,190.9227
LP68640422,2024-10-03,189.9419
LP68640422,2024-10-04,191.9851
LP68640422,2024-10-07,191.9009
LP68640422,2024-10-08,189.4181
LP68640422,2024-10-09,189.3625
LP68640422,2024-10-10,190.0518
LP68640422,2024-10-11,190.0669
LP68640422,2024-10-14,190.437
LP68640422,2024-10-15,189.4062
LP68640422,2024-10-16,189.3389
LP68640422,2024-10-17,190.1661
LP68640422,2024-10-18,190.0967
LP68640422,2024-10-21,189.7925
LP68640422,2024-10-22,190.0947
LP68640422,2024-10-23,188.7069
LP68640422,2024-10-24,187.9076
LP68640422,2024-10-25,188.4179
LP68640422,2024-10-28,188.1836
LP68640422,2024-10-29,187.9408
LP68640422,2024-10-30,186.6151
LP68640422,2024-10-31,184.5942
LP68640422,2024-11-01,184.5942
LP68640422,2024-11-04,183.7557
LP68640422,2024-11-05,184.5545
LP68640422,2024-11-06,185.5677
LP68640422,2024-11-07,188.0052
LP68640422,2024-11-08,186.6587
LP68640422,2024-11-11,187.6427
LP68640422,2024-11-12,184.2328
LP68640422,2024-11-13,182.8888
LP68640422,2024-11-14,184.5279
LP68640422,2024-11-15,184.081
LP68640422,2024-11-18,185.5211
LP68640422,2024-11-19,184.4825
LP68640422,2024-11-20,185.4124
LP68640422,2024-11-21,185.668
LP68640422,2024-11-22,187.9219
LP68640422,2024-11-25,188.9894
LP68640422,2024-11-26,186.8166
LP68640422,2024-11-27,186.197
LP68640422,2024-11-28,186.3774
LP68640422,2024-11-29,187.2217
LP68640422,2024-12-02,187.3374
LP68640422,2024-12-03,189.2089
LP68640422,2024-12-04,190.0398
LP68640422,2024-12-05,190.4414
LP68640422,2024-12-06,190.4414
LP68640422,2024-12-09,190.6397
LP68640422,2024-12-10,191.2345
LP68640422,2024-12-11,192.5971
LP68640422,2024-12-12,194.012
LP68640422,2024-12-13,192.2194
LP68640422,2024-12-16,190.9806
LP68640422,2024-12-17,190.6205
LP68640422,2024-12-18,191.3708
LP68640422,2024-12-19,190.7872
LP68640422,2024-12-20,190.2683
LP68640422,2024-12-23,191.1312
LP68640422,2024-12-24,192.127212
LP68640422,2024-12-25,192.127212
LP68640422,2024-12-26,192.1975
LP68640422,2024-12-27,193.594
LP68640422,2024-12-30,194.1559
LP68640422,2024-12-31,195.5033
LP68640422,2025-01-01,195.5033
LP68640422,2025-01-02,199.0621
LP68640422,2025-01-03,198.9229
LP68640422,2025-01-06,198.9229
LP68640422,2025-01-07,199.3571
LP68640422,2025-01-08,198.1994
LP68640422,2025-01-09,198.2105
LP68640422,2025-01-10,197.7756
LP68640422,2025-01-13,196.6706
LP68640422,2025-01-14,195.8631
LP68640422,2025-01-15,198.522
LP68640422,2025-01-16,198.3278
LP68640422,2025-01-17,199.2116
LP68640422,2025-01-20,198.0369
LP68640422,2025-01-21,198.0928
LP68640422,2025-01-22,197.6091
LP68640422,2025-01-23,196.9065
LP68640422,2025-01-24,196.0916
LP68640422,2025-01-27,196.0028
LP68640422,2025-01-28,196.8336
LP68640422,2025-01-29,196.28
LP68640422,2025-01-30,198.4726
LP68640422,2025-01-31,198.406961
LP68640422,2025-02-03,197.3316
LP68640422,2025-02-04,197.9917
LP68640422,2025-02-05,198.3457
LP68640422,2025-02-06,200.3913
LP68640422,2025-02-07,200.8095
LP68640422,2025-02-10,202.3929
LP68640422,2025-02-11,202.1895
LP68640422,2025-02-12,201.9308
LP68640422,2025-02-13,203.945
LP68640422,2025-02-14,204.1458
LP68640422,2025-02-17,204.3035
LP68640422,2025-02-18,205.7075
LP68640422,2025-02-19,205.2875
LP68640422,2025-02-20,204.8613
LP68640422,2025-02-21,204.7232
LP68640422,2025-02-24,203.8902
LP68640422,2025-02-25,203.1789
LP68640422,2025-02-26,204.1468
LP68640422,2025-02-27,204.5574
LP68640422,2025-02-28,202.0596
LP68640422,2025-03-03,202.6309
LP68640422,2025-03-04,196.7778
LP68640422,2025-03-05,200.5919
LP68640422,2025-03-06,202.4675
LP68640422,2025-03-07,201.8999
LP68640422,2025-03-10,198.6222
LP68640422,2025-03-11,197.8158
LP68640422,2025-03-12,199.1139
LP68640422,2025-03-13,198.6992
LP68640422,2025-03-14,201.1397
LP68640422,2025-03-17,203.168
LP68640422,2025-03-18,205.2558
LP68640422,2025-03-19,206.749
LP68640422,2025-03-20,205.7835
LP68640422,2025-03-21,203.4356
LP68640422,2025-03-24,204.3108
LP68640422,2025-03-25,205.958
LP68640422,2025-03-26,208.0017
LP68640422,2025-03-27,207.1503
LP68640422,2025-03-28,204.2792
LP68640422,2025-03-31,200.3265
LP68640422,2025-04-01,201.5362
LP68640422,2025-04-02,200.3882
LP68640422,2025-04-03,192.1894
LP68640422,2025-04-04,181.1107
LP68640422,2025-04-07,176.429057
LP68640422,2025-04-08,178.4885
LP68640422,2025-04-09,175.5344
LP68640422,2025-04-10,177.7761
LP68640422,2025-04-11,178.422
LP68640422,2025-04-14,182.3686
LP68640422,2025-04-15,185.1043
LP68640422,2025-04-16,185.048247
LP68640422,2025-04-17,185.048247
LP68640422,2025-04-18,185.048247
LP68640422,2025-04-21,184.877
LP68640422,2025-04-22,186.9741
LP68640422,2025-04-23,190.4642
LP68640422,2025-04-24,191.9563
LP68640422,2025-04-25,194.00006
LP68640422,2025-04-28,194.6353
LP68640422,2025-04-29,195.5556
LP68640422,2025-04-30,195.6604
LP68640422,2025-05-01,195.6604
LP68640422,2025-05-02,195.6604
LP68640422,2025-05-05,198.9313
LP68640422,2025-05-06,200.6573
LP68640422,2025-05-07,200.187
LP68640422,2025-05-08,203.1107
LP68640422,2025-05-09,204.6986
LP68640422,2025-05-12,209.4206
LP68640422,2025-05-13,211.0523
LP68640422,2025-05-14,209.6427
LP68640422,2025-05-15,209.6427
LP68640422,2025-05-16,210.1457
LP68640422,2025-05-19,208.6595
LP68640422,2025-05-20,209.5141
LP68640422,2025-05-21,208.2411
LP68640422,2025-05-22,207.964
LP68640422,2025-05-23,207.6905
LP68640422,2025-05-26,209.4019
LP68640422,2025-05-27,211.1969
LP68640422,2025-05-28,212.3269
LP68640422,2025-05-29,213.1259
LP68640422,2025-05-30,211.887621
LP68640422,2025-06-02,212.589731
LP68640422,2025-06-03,213.730851
LP68640422,2025-06-04,213.896062
LP68640422,2025-06-05,213.944196
LP68640422,2025-06-06,214.462449
LP68640422,2025-06-09,214.692004
LP68640422,2025-06-10,215.327354
LP68640422,2025-06-11,216.66496
LP68640422,2025-06-12,216.027172
LP68640422,2025-06-13,215.240574
LP68640422,2025-06-16,216.102249
LP68640422,2025-06-17,216.736454
LP68640422,2025-06-18,215.582103
LP68640422,2025-06-19,213.590574
LP68640422,2025-06-20,212.530782
LP68640422,2025-06-23,210.760992
LP68640422,2025-06-24,210.464727
LP68640422,2025-06-25,209.699195
LP68640422,2025-06-26,210.77369
LP68640422,2025-06-27,211.471425
LP68640422,2025-06-30,210.457105
LP68640422,2025-07-01,211.470137
LP68640422,2025-07-02,213.528575
LP68640422,2025-07-03,215.409901
LP68640422,2025-07-04,213.801815
LP68640422,2025-07-07,214.065903
LP68640422,2025-07-08,216.545188
LP68640422,2025-07-09,217.139725
LP68640422,2025-07-10,218.450157
LP68640422,2025-07-11,218.603923
LP68640422,2025-07-14,218.325156
LP68640422,2025-07-15,217.345339
LP68640422,2025-07-16,215.664241
LP68640422,2025-07-17,217.560493
LP68640422,2025-07-18,216.284806
LP68640422,2025-07-21,215.732884
LP68640422,2025-07-22,216.08821
LP68640422,2025-07-23,219.043091
LP68640422,2025-07-24,220.029877
LP68640422,2025-07-25,220.551294
LP68640422,2025-07-28,222.132469
LP68640422,2025-07-29,223.255972
LP68640422,2025-07-30,222.832821
LP68640422,2025-07-31,220.755292
LP68640422,2025-08-01,215.853331
LP68640422,2025-08-04,216.230639
LP68640422,2025-08-05,218.808467
LP68640422,2025-08-06,218.179596
LP68640422,2025-08-07,219.791609
LP68640422,2025-08-08,220.036291
LP68640422,2025-08-11,219.621167
LP68640422,2025-08-12,221.809625
LP68640422,2025-08-13,222.412372
LP68640422,2025-08-14,223.646177
LP68640422,2025-08-15,223.646177
LP68640422,2025-08-18,224.341928
LP68640422,2025-08-19,224.592123
LP68640422,2025-08-20,224.300346
LP68640422,2025-08-21,226.92584
LP68640422,2025-08-22,228.999637
LP68640422,2025-08-25,229.296246
LP68640422,2025-08-26,228.672787
LP68640422,2025-08-27,228.579239
LP68640422,2025-08-28,228.953557
LP68640422,2025-08-29,227.826908
LP68640422,2025-09-01,228.070986
LP68640422,2025-09-02,225.532886
LP68640422,2025-09-03,224.910194
LP68640422,2025-09-04,226.386122
LP68640422,2025-09-05,225.38644
LP68640422,2025-09-08,225.755647
LP68640422,2025-09-09,227.07614
LP68640422,2025-09-10,227.495811
LP68640422,2025-09-11,228.538346
LP68640422,2025-09-12,228.560367
LP68640422,2025-09-15,228.439537
LP68640422,2025-09-16,228.262681
LP68640422,2025-09-17,228.670294
LP68640422,2025-09-18,230.008882
LP68640422,2025-09-19,229.346749
LP68640422,2025-09-22,228.812845
LP68640422,2025-09-23,230.643551
LP68640422,2025-09-24,232.400473
LP68640422,2025-09-25,230.701592
LP68640422,2025-09-26,231.428094
LP68640422,2025-09-29,233.33259
LP68640422,2025-09-30,232.911669
LP68640422,2025-10-01,235.158852
LP68640422,2025-10-02,235.653784
LP68640422,2025-10-03,237.186651
LP68640422,2025-10-06,237.663736
LP68640422,2025-10-07,236.725155
LP68640422,2025-10-08,238.014195
LP68640422,2025-10-09,238.233132
LP68640422,2025-10-10,234.445005
LP68640422,2025-10-13,236.72446
LP68640422,2025-10-14,233.625862
LP68640422,2025-10-15,233.91285
LP68640422,2025-10-16,232.883595
LP68640422,2025-10-17,230.676427
LP68640422,2025-10-20,233.181059
LP68640422,2025-10-21,232.801238
LP68640422,2025-10-22,234.679189
LP68640422,2025-10-23,238.448479
LP68640422,2025-10-24,238.470252
LP68640422,2025-10-27,239.311617
LP68640422,2025-10-28,237.659278
LP68640422,2025-10-29,237.827496
LP68640422,2025-10-30,237.419329
LP68640422,2025-10-31,237.695089
LP68640422,2025-11-03,238.139426
LP68640422,2025-11-04,235.744012
LP68640422,2025-11-05,237.156609
LP68640422,2025-11-06,235.357579
LP68640422,2025-11-07,234.039649
LP68640422,2025-11-10,234.039649
LP68640422,2025-11-11,239.490213
LP68640422,2025-11-12,241.474085
LP68640422,2025-11-13,240.996083
LP68640422,2025-11-14,238.738429
LP68640422,2025-11-17,237.269372
LP68640422,2025-11-18,233.731207
LP68640422,2025-11-19,233.008972
LP68640422,2025-11-20,234.544889
LP68640422,2025-11-21,232.875367
LP68640422,2025-11-24,235.365981
LP68640422,2025-11-25,237.505721
LP68640422,2025-11-26,239.184124
LP68640422,2025-11-27,239.78095
LP68640422,2025-11-28,240.359581
LP68640422,2025-12-01,240.483737
LP68640422,2025-12-02,240.641703
LP68640422,2025-12-03,242.617724
LP68640422,2025-12-04,244.660669
LP68640422,2025-12-05,246.816938
LP68640422,2025-12-08,246.816938
LP68640422,2025-12-09,246.340825
LP68640422,2025-12-10,245.567486
LP68640422,2025-12-11,246.502188
LP68640422,2025-12-12,247.198864
LP68640422,2025-12-15,247.632207
LP68640422,2025-12-16,244.521003
LP68640422,2025-12-17,245.54791
LP68640422,2025-12-18,248.129852
LP68640422,2025-12-19,249.250509
LP68640422,2025-12-22,250.994186
LP68640422,2025-12-23,251.229977
LP68640422,2025-12-24,251.579532
LP68640422,2025-12-25,251.579532
LP68640422,2025-12-26,251.56168
LP68640422,2025-12-29,252.491938
LP68640422,2025-12-30,254.459883
LP68640422,2025-12-31,253.528307
LP68640422,2026-01-01,253.528307
LP68640422,2026-01-02,255.697231
LP68640422,2026-01-05,256.808164
LP68640422,2026-01-06,256.808164
LP68640422,2026-01-07,258.596094
LP68640422,2026-01-08,259.277993
LP68640422,2026-01-09,260.983395
LP68640422,2026-01-12,261.290153
LP68640422,2026-01-13,262.919152
LP68640422,2026-01-14,265.76022
LP68640422,2026-01-15,266.077861
LP68640422,2026-01-16,265.206973
LP68640422,2026-01-19,263.729015
LP68640422,2026-01-20,260.11638
LP68640422,2026-01-21,264.231419
LP68640422,2026-01-22,268.782276
LP68640422,2026-01-23,270.155777
LP68640422,2026-01-26,269.518259
LP68640422,2026-01-27,270.404192
LP68640422,2026-01-28,271.719578
LP68640422,2026-01-29,274.107955
LP68640422,2026-01-30,273.287652
LP68640422,2026-02-02,273.325776
LP68640422,2026-02-03,275.469233
LP68640422,2026-02-04,275.904351
LP68640422,2026-02-05,272.890202
LP68640422,2026-02-06,274.801386
LP68640422,2026-02-09,278.16962
LP68640422,2026-02-10,280.358715
LP68640422,2026-02-11,282.797645
LP68640422,2026-02-12,280.176678
LP68640422,2026-02-13,281.857986
LP68640422,2026-02-16,283.014056
LP68640422,2026-02-17,283.398564
LP68640422,2026-02-18,288.114638
LP68640422,2026-02-19,288.198958
LP68640422,2026-02-20,290.691758
LP68640422,2026-02-23,289.034138
LP68640422,2026-02-24,291.022145
LP68640422,2026-02-25,290.431793
LP68640422,2026-02-26,292.353693
LP68640422,2026-02-27,292.936204
LP68640422,2026-03-02,291.045399
LP68640422,2026-03-03,283.022855
LP68640422,2026-03-04,282.885805
LP68640422,2026-03-05,282.990912
LP68640422,2026-03-06,282.362052
LP68640422,2026-03-09,277.901071
LP68640422,2026-03-10,280.162276
LP68640422,2026-03-11,280.423732
LP68640422,2026-03-12,277.96616
LP68640422,2026-03-13,274.776676
LP68640422,2026-03-16,275.450923
LP68640422,2026-03-17,277.24348
LP68640422,2026-03-18,279.39812
LP68640422,2026-03-19,277.227428
LP68640422,2026-03-20,274.420368
LP68640422,2026-03-23,273.866509
LP68640422,2026-03-24,275.822437
LP68640422,2026-03-25,278.796386
LP68640422,2026-03-26,280.053157
LP68640422,2026-03-27,279.090439
LP68640422,2026-03-30,280.78026
LP68640422,2026-03-31,282.277508
LP68640422,2026-04-01,284.851461
LP68640422,2026-04-02,284.851461
LP68640422,2026-04-03,284.851461
LP68640422,2026-04-06,286.20959
LP68640422,2026-04-07,284.695939
LP68640422,2026-04-08,290.567743
LP68640422,2026-04-09,290.887964
LP68640422,2026-04-10,292.816055
LP68640422,2026-04-13,292.192559
LP68640422,2026-04-14,293.470703
LP68640422,2026-04-15,292.779562
LP68640422,2026-04-16,293.112278
LP68640422,2026-04-17,293.937241
LP68640422,2026-04-20,293.745931
LP68640422,2026-04-21,294.648133
LP68640422,2026-04-22,295.136547
LP68640422,2026-04-23,295.014956
LP68640422,2026-04-24,293.113765
LP68640422,2026-04-27,293.34507
LP68640422,2026-04-28,293.944032
LP68640422,2026-04-29,294.327107
LP68640422,2026-04-30,296.540027
LP68640422,2026-05-01,296.540027
LP68640422,2026-05-04,296.640887
LP68640422,2026-05-05,297.485449
LP68640422,2026-05-06,298.695986
LP68640422,2026-05-07,299.566404
LP68640422,2026-05-08,299.632529
LP68640422,2026-05-11,300.017127
LP68640422,2026-05-12,299.078963
LP68640422,2026-05-13,299.448348
LP68640422,2026-05-14,302.227578
LP68640422,2026-05-15,302.227578
LP68640422,2026-05-18,300.020318
LP68640422,2026-05-19,298.429072
LP68640422,2026-05-20,300.400982
LP68640422,2026-05-21,299.732242
LP68640422,2026-05-22,299.139794
LP68640422,2026-05-25,300.448271
LP68640422,2026-05-26,299.178136
LP68640422,2026-05-27,298.041013
LP68640422,2026-05-28,297.101164
LP68640422,2026-05-29,298.989486
LP68640422,2026-06-01,299.015231
LP68640422,2026-06-02,299.080621
LP68640422,2026-06-03,298.213497
LP68640422,2026-06-04,298.634904
LP68640422,2026-06-05,297.784518
LP68640422,2026-06-08,296.505782
LP68640422,2026-06-09,294.458297
LP68640422,2026-06-10,294.673425
LP68640422,2026-06-11,296.804436
LP68640422,2026-06-12,300.255398
LP68640422,2026-06-15,300.070896
LP68640422,2026-06-16,297.224338
LP68640422,2026-06-17,296.2376
LP68640422,2026-06-18,293.422815
LP68640422,2026-06-19,294.023192
LP68640422,2026-06-22,293.332117
LP68640422,2026-06-23,292.455541
LP68640422,2026-06-24,292.792318
LP68640422,2026-06-25,294.44091
LP68640422,2026-06-26,293.059833
LP68640422,2026-06-29,290.11082
LP68640422,2026-06-30,288.872038
LP68640422,2026-07-01,289.903307
LP68640422,2026-07-02,293.309911
LP68640422,2026-07-03,296.349875
LP68640422,2026-07-06,295.94072
LP68640422,2026-07-07,296.09433
LP68640422,2026-07-08,294.275866
LP68640422,2026-07-09,293.541468
LP68640422,2026-07-10,295.127308
LP68640422,2026-07-13,296.576743
LP68640422,2026-07-14,296.284359
LP68640422,2026-07-15,297.579958
LP68640422,2026-07-16,297.21368
LP68640422,2026-07-17,296.980532
LP68640422,2026-07-20,297.096799
LP68640422,2026-07-21,298.866197
LP68640422,2026-07-22,301.513745
LP68640422,2026-07-23,300.112533
LP68640422,2026-07-24,300.437818
LP68640422,2026-07-27,300.959226
LP68640422,2026-07-28,301.373809
LP68640422,2026-07-29,302.520728
LP68640422,2026-07-30,303.05525
LP68640422,2026-07-31,302.338495
LP68640422,2026-08-03,302.286624
LP68640422,2026-08-04,303.172102
LP68640422,2026-08-05,302.516014
LP68640422,2026-08-06,302.266449
LP68640422,2026-08-07,302.885659
LP68640422,2026-08-10,302.550695
LP68640422,2026-08-11,302.58492
LP68640422,2026-08-12,301.202181
LP68640422,2026-08-13,301.635891
LP68640422,2026-08-14,302.568579
LP68640422,2026-08-17,301.064408
LP68640422,2026-08-18,300.298371
LP68640422,2026-08-19,301.226716
LP68640422,2026-08-20,299.462901
LP68640422,2026-08-21,301.298123
LP68640422,2026-08-24,298.78947
LP68640422,2026-08-25,298.37785
LP68640422,2026-08-26,299.268153
LP68640422,2026-08-27,299.036576
LP68640422,2026-08-28,299.447594
LP68640422,2026-08-31,300.304822
LP68640422,2026-09-01,300.159645
LP68640422,2026-09-02,298.704031
LP68640422,2026-09-03,298.066327
LP68640422,2026-09-04,298.697921
LP68640422,2026-09-07,298.897526
LP68640422,2026-09-08,297.827778
LP68640422,2026-09-09,296.451363
LP68640422,2026-09-10,295.392238
LP68640422,2026-09-11,295.309488
LP68640422,2026-09-14,294.450457
LP68640422,2026-09-15,293.85843
LP68640422,2026-09-16,294.450496
LP68640422,2026-09-17,295.623113
LP68640422,2026-09-18,292.324879
LP68640422,2026-09-21,293.03805
LP68640422,2026-09-22,295.31354
LP68640422,2026-09-23,292.876041
LP68640422,2026-09-24,291.892887
LP68640422,2026-09-25,292.051019
LP68640422,2026-09-28,293.793487
LP68640422,2026-09-29,292.301755
